goodbooks_id,isbn13,title,authors,year,language,average_rating,ratings_count,image_url,genre
1,9780439023480,"The Hunger Games (The Hunger Games, #1)",Suzanne Collins,2008,eng,4.34,4780653,https://images.gr-assets.com/books/1447303603m/2767052.jpg,Young Adult
2,9780439554930,"Harry Potter and the Sorcerer's Stone (Harry Potter, #1)","J.K. Rowling, Mary GrandPré",1997,eng,4.44,4602479,https://images.gr-assets.com/books/1474154022m/3.jpg,Fantasy
3,9780316015840,"Twilight (Twilight, #1)",Stephenie Meyer,2005,en-US,3.57,3866839,https://images.gr-assets.com/books/1361039443m/41865.jpg,Young Adult
4,9780061120080,To Kill a Mockingbird,Harper Lee,1960,eng,4.25,3198671,https://images.gr-assets.com/books/1361975680m/2657.jpg,Classics
5,9780743273560,The Great Gatsby,F. Scott Fitzgerald,1925,eng,3.89,2683664,https://images.gr-assets.com/books/1490528560m/4671.jpg,Classics
6,9780525478810,The Fault in Our Stars,John Green,2012,eng,4.26,2346404,https://images.gr-assets.com/books/1360206420m/11870085.jpg,Young Adult
7,9780618260300,The Hobbit,J.R.R. Tolkien,1937,en-US,4.25,2071616,https://images.gr-assets.com/books/1372847500m/5907.jpg,Fantasy
8,9780316769170,The Catcher in the Rye,J.D. Salinger,1951,eng,3.79,2044241,https://images.gr-assets.com/books/1398034300m/5107.jpg,Classics
10,9780679783270,Pride and Prejudice,Jane Austen,1813,eng,4.24,2035490,https://images.gr-assets.com/books/1320399351m/1885.jpg,Classics
9,9781416524790,"Angels & Demons  (Robert Langdon, #1)",Dan Brown,2000,en-CA,3.85,2001311,https://images.gr-assets.com/books/1303390735m/960.jpg,Fiction
15,9780553296980,The Diary of a Young Girl,"Anne Frank, Eleanor Roosevelt, B.M. Mooyaart-Doubleday",1947,eng,4.1,1972666,https://images.gr-assets.com/books/1358276407m/48855.jpg,Non-fiction
13,9780451524940,1984,"George Orwell, Erich Fromm, Celâl Üster",1949,eng,4.14,1956832,https://images.gr-assets.com/books/1348990566m/5470.jpg,Fiction
12,9780062024040,"Divergent (Divergent, #1)",Veronica Roth,2011,eng,4.24,1903563,https://images.gr-assets.com/books/1328559506m/13335037.jpg,Young Adult
14,9780452284240,Animal Farm,George Orwell,1945,eng,3.87,1881700,https://images.gr-assets.com/books/1424037542m/7613.jpg,Classics
18,9780439655480,"Harry Potter and the Prisoner of Azkaban (Harry Potter, #3)","J.K. Rowling, Mary GrandPré, Rufus Beck",1999,eng,4.53,1832823,https://images.gr-assets.com/books/1499277281m/5.jpg,Fantasy
17,9780439023500,"Catching Fire (The Hunger Games, #2)",Suzanne Collins,2009,eng,4.3,1831039,https://images.gr-assets.com/books/1358273780m/6148028.jpg,Young Adult
11,9781594480000,The Kite Runner,Khaled Hosseini,2003,eng,4.26,1813044,https://images.gr-assets.com/books/1484565687m/77203.jpg,Fiction
16,9780307269750,"The Girl with the Dragon Tattoo (Millennium, #1)","Stieg Larsson, Reg Keeland",2005,eng,4.11,1808403,https://images.gr-assets.com/books/1327868566m/2429135.jpg,Fiction
23,9780439064870,"Harry Potter and the Chamber of Secrets (Harry Potter, #2)","J.K. Rowling, Mary GrandPré",1998,eng,4.37,1779331,https://images.gr-assets.com/books/1474169725m/15881.jpg,Fantasy
19,9780618346260,"The Fellowship of the Ring (The Lord of the Rings, #1)",J.R.R. Tolkien,1954,eng,4.34,1766803,https://images.gr-assets.com/books/1298411339m/34.jpg,Fantasy
24,9780439139600,"Harry Potter and the Goblet of Fire (Harry Potter, #4)","J.K. Rowling, Mary GrandPré",2000,eng,4.53,1753043,https://images.gr-assets.com/books/1361482611m/6.jpg,Fantasy
25,9780545010220,"Harry Potter and the Deathly Hallows (Harry Potter, #7)","J.K. Rowling, Mary GrandPré",2007,eng,4.61,1746574,https://images.gr-assets.com/books/1474171184m/136251.jpg,Fantasy
21,9780439358070,"Harry Potter and the Order of the Phoenix (Harry Potter, #5)","J.K. Rowling, Mary GrandPré",2003,eng,4.46,1735368,https://images.gr-assets.com/books/1387141547m/2.jpg,Fantasy
20,9780439023510,"Mockingjay (The Hunger Games, #3)",Suzanne Collins,2010,eng,4.03,1719760,https://images.gr-assets.com/books/1358275419m/7260188.jpg,Young Adult
27,9780439785970,"Harry Potter and the Half-Blood Prince (Harry Potter, #6)","J.K. Rowling, Mary GrandPré",2005,eng,4.54,1678823,https://images.gr-assets.com/books/1361039191m/1.jpg,Fantasy
29,9780743477120,Romeo and Juliet,"William Shakespeare, Robert           Jackson",1595,eng,3.73,1628519,https://images.gr-assets.com/books/1327872146m/18135.jpg,Classics
22,9780316166680,The Lovely Bones,Alice Sebold,2002,eng,3.77,1605173,https://images.gr-assets.com/books/1457810586m/12232938.jpg,Fiction
28,9780140283330,Lord of the Flies,William Golding,1954,eng,3.64,1605019,https://images.gr-assets.com/books/1327869409m/7624.jpg,Classics
37,9780060764890,"The Lion, the Witch, and the Wardrobe (Chronicles of Narnia, #1)",C.S. Lewis,1950,eng,4.19,1531800,https://images.gr-assets.com/books/1353029077m/100915.jpg,Fantasy
31,9780399155340,The Help,Kathryn Stockett,2009,eng,4.45,1531753,https://images.gr-assets.com/books/1346100365m/4667024.jpg,Fiction
32,9780142000670,Of Mice and Men,John Steinbeck,1937,eng,3.84,1467496,https://images.gr-assets.com/books/1437235233m/890.jpg,Classics
26,9780307277670,"The Da Vinci Code (Robert Langdon, #2)",Dan Brown,2003,eng,3.79,1447148,https://images.gr-assets.com/books/1303252999m/968.jpg,Fiction
41,9780786838650,"The Lightning Thief (Percy Jackson and the Olympians, #1)",Rick Riordan,2005,eng,4.23,1366265,https://images.gr-assets.com/books/1400602609m/28187.jpg,Fantasy
34,9781612130290,"Fifty Shades of Grey (Fifty Shades, #1)",E.L. James,2011,eng,3.67,1338493,https://images.gr-assets.com/books/1385207843m/10818853.jpg,Romance
39,9780553588480,"A Game of Thrones (A Song of Ice and Fire, #1)",George R.R. Martin,1996,eng,4.45,1319204,https://images.gr-assets.com/books/1436732693m/13496.jpg,Fiction
33,9780739326220,Memoirs of a Geisha,Arthur Golden,1997,eng,4.08,1300209,https://s.gr-assets.com/assets/nophoto/book/111x148-bcc042a9c91a29c1d680899eff700a03.png,Fiction
35,9780061122420,The Alchemist,"Paulo Coelho, Alan R. Clarke",1988,eng,3.82,1299566,https://images.gr-assets.com/books/1483412266m/865.jpg,Fiction
36,9780385732550,"The Giver (The Giver, #1)",Lois Lowry,1993,eng,4.12,1296825,https://images.gr-assets.com/books/1342493368m/3636.jpg,Children
42,9780451529300,"Little Women (Little Women, #1)",Louisa May Alcott,1868,en-US,4.04,1257121,https://s.gr-assets.com/assets/nophoto/book/111x148-bcc042a9c91a29c1d680899eff700a03.png,Classics
43,9780142437210,Jane Eyre,"Charlotte Brontë, Michael Mason",1847,eng,4.1,1198557,https://images.gr-assets.com/books/1327867269m/10210.jpg,Classics
40,9780143038410,"Eat, Pray, Love",Elizabeth Gilbert,2006,eng,3.51,1181647,https://images.gr-assets.com/books/1503066414m/19501.jpg,Non-fiction
47,9780375831000,The Book Thief,Markus Zusak,2005,eng,4.36,1159741,https://images.gr-assets.com/books/1390053681m/19063.jpg,History
51,9781416914280,"City of Bones (The Mortal Instruments, #1)",Cassandra Clare,2007,eng,4.12,1154031,https://images.gr-assets.com/books/1432730315m/256683.jpg,Young Adult
49,9780316160190,"New Moon (Twilight, #2)",Stephenie Meyer,2006,eng,3.52,1149630,https://images.gr-assets.com/books/1361039440m/49041.jpg,Young Adult
52,9780316160210,"Eclipse (Twilight, #3)",Stephenie Meyer,2007,en-US,3.69,1134511,https://images.gr-assets.com/books/1361038355m/428263.jpg,Young Adult
53,9780375826700,"Eragon (The Inheritance Cycle, #1)",Christopher Paolini,2002,en-US,3.86,1104021,https://images.gr-assets.com/books/1366212852m/113436.jpg,Fantasy
56,9780316067930,"Breaking Dawn (Twilight, #4)",Stephenie Meyer,2008,en-US,3.7,1070245,https://images.gr-assets.com/books/1361039438m/1162543.jpg,Fantasy
46,9781565125600,Water for Elephants,Sara Gruen,2006,eng,4.07,1068146,https://images.gr-assets.com/books/1494428973m/43641.jpg,Fiction
59,9780064410940,Charlotte's Web,"E.B. White, Garth Williams, Rosemary Wells",1952,eng,4.15,1064521,https://images.gr-assets.com/books/1439632243m/24178.jpg,Classics
44,9780553816720,"The Notebook (The Notebook, #1)",Nicholas Sparks,1996,eng,4.06,1053403,https://images.gr-assets.com/books/1385738917m/15931.jpg,Fiction
55,9780060929880,Brave New World,Aldous Huxley,1932,eng,3.97,1022601,https://images.gr-assets.com/books/1487389574m/5129.jpg,Classics
50,9780060513030,Where the Sidewalk Ends,Shel Silverstein,1974,eng,4.29,1016888,https://images.gr-assets.com/books/1168052448m/30119.jpg,Poetry & Drama
61,9781594633670,The Girl on the Train,Paula Hawkins,2015,eng,3.88,1008778,https://images.gr-assets.com/books/1490903702m/22557272.jpg,Mystery & Thriller
45,9780770430080,Life of Pi,Yann Martel,2001,eng,3.88,1003228,https://images.gr-assets.com/books/1320562005m/4214.jpg,Fantasy
62,9780679879240,"The Golden Compass (His Dark Materials, #1)",Philip Pullman,1995,eng,3.94,953970,https://images.gr-assets.com/books/1451271747m/119322.jpg,Fantasy
58,9780142437180,The Adventures of Huckleberry Finn,"Mark Twain, John Seelye, Guy Cardwell",1884,eng,3.8,953758,https://images.gr-assets.com/books/1405973850m/2956.jpg,Classics
54,9780345391800,"The Hitchhiker's Guide to the Galaxy (Hitchhiker's Guide to the Galaxy, #1)",Douglas Adams,1979,en-US,4.2,936782,https://images.gr-assets.com/books/1327656754m/11.jpg,Science Fiction
57,9780142001740,The Secret Life of Bees,Sue Monk Kidd,2001,en-US,4.01,916189,https://images.gr-assets.com/books/1473454532m/37435.jpg,Fiction
63,9780393978900,Wuthering Heights,"Emily Brontë, Richard J. Dunn",1847,eng,3.82,899195,https://s.gr-assets.com/assets/nophoto/book/111x148-bcc042a9c91a29c1d680899eff700a03.png,Classics
68,9780671027350,The Perks of Being a Wallflower,Stephen Chbosky,1999,eng,4.21,888806,https://images.gr-assets.com/books/1167352178m/22628.jpg,Fiction
66,9780446675540,Gone with the Wind,Margaret Mitchell,1936,eng,4.28,873981,https://images.gr-assets.com/books/1328025229m/18405.jpg,Classics
60,9781400032720,The Curious Incident of the Dog in the Night-Time,Mark Haddon,2003,eng,3.85,867553,https://images.gr-assets.com/books/1479863624m/1618.jpg,Fiction
64,9780743454540,My Sister's Keeper,Jodi Picoult,2004,eng,4.06,863879,https://images.gr-assets.com/books/1369504683m/10917.jpg,Fiction
65,9780385333850,Slaughterhouse-Five,Kurt Vonnegut Jr.,1969,eng,4.06,846488,https://images.gr-assets.com/books/1440319389m/4981.jpg,Classics
69,9780007442910,"Insurgent (Divergent, #2)",Veronica Roth,2012,eng,4.07,836362,https://images.gr-assets.com/books/1325667729m/11735983.jpg,Young Adult
67,9781594489500,A Thousand Splendid Suns,Khaled Hosseini,2007,eng,4.34,818742,https://images.gr-assets.com/books/1345958969m/128029.jpg,Fiction
70,9780812550700,"Ender's Game (Ender's Saga, #1)",Orson Scott Card,1985,eng,4.3,813439,https://images.gr-assets.com/books/1408303130m/375802.jpg,Science Fiction
71,9780141439470,Frankenstein,"Mary Wollstonecraft Shelley, Percy Bysshe Shelley, Maurice Hindle",1818,eng,3.75,808589,https://images.gr-assets.com/books/1381512375m/18490.jpg,Classics
72,9780450040180,The Shining (The Shining #1),Stephen King,1977,eng,4.17,791850,https://images.gr-assets.com/books/1353277730m/11588.jpg,Fiction
74,9780142402510,Looking for Alaska,John Green,2005,eng,4.09,783470,https://images.gr-assets.com/books/1394798630m/99561.jpg,Young Adult
73,9780316068050,"The Host (The Host, #1)",Stephenie Meyer,2008,en-US,3.84,749780,https://images.gr-assets.com/books/1318009171m/1656001.jpg,Science Fiction
77,9780439244190,"Holes (Holes, #1)","Louis Sachar, Louis Sachar",1998,eng,3.93,747445,https://images.gr-assets.com/books/1327781893m/38709.jpg,Young Adult
38,9780965818670,The Time Traveler's Wife,Audrey Niffenegger,2003,eng,3.95,746287,https://images.gr-assets.com/books/1437728815m/14050.jpg,Fiction
76,9780141439660,Sense and Sensibility,"Jane Austen, Tony Tanner, Ros Ballaster",1811,eng,4.06,738894,https://images.gr-assets.com/books/1397245675m/14935.jpg,Fiction
80,9780156012200,The Little Prince,"Antoine de Saint-Exupéry, Richard Howard, Dom Marcos Barbosa, Melina Karakosta",1946,eng,4.28,738757,https://images.gr-assets.com/books/1367545443m/157993.jpg,Fantasy
91,9780385737940,"The Maze Runner (Maze Runner, #1)",James Dashner,2009,eng,4.02,719925,https://images.gr-assets.com/books/1375596592m/6186357.jpg,Young Adult
85,9780060256650,The Giving Tree,Shel Silverstein,1964,eng,4.38,702332,https://images.gr-assets.com/books/1174210942m/370493.jpg,Children
87,9780374500020,Night (The Night Trilogy #1),"Elie Wiesel, Marion Wiesel",1958,eng,4.3,691231,https://images.gr-assets.com/books/1473495285m/1617.jpg,Non-fiction
79,9780143039950,The Odyssey,"Homer, Robert Fagles, E.V. Rieu, Frédéric Mugler, Bernard Knox",-720,eng,3.73,670326,https://images.gr-assets.com/books/1390173285m/1381.jpg,Classics
78,9780307275550,"The Devil Wears Prada (The Devil Wears Prada, #1)",Lauren Weisberger,2003,eng,3.7,665930,https://s.gr-assets.com/assets/nophoto/book/111x148-bcc042a9c91a29c1d680899eff700a03.png,Fiction
90,9780140385720,The Outsiders,S.E. Hinton,1967,en-US,4.06,659248,https://images.gr-assets.com/books/1442129426m/231804.jpg,Fiction
82,9780385486800,Into the Wild,Jon Krakauer,1996,eng,3.94,647684,https://images.gr-assets.com/books/1403173986m/1845.jpg,Non-fiction
93,9780517189600,The Secret Garden,Frances Hodgson Burnett,1911,eng,4.12,639357,https://images.gr-assets.com/books/1327873635m/2998.jpg,Classics
83,9780141439600,A Tale of Two Cities,"Charles Dickens, Richard Maxwell, Hablot Knight Browne",1859,eng,3.81,637412,https://images.gr-assets.com/books/1344922523m/1953.jpg,Classics
89,9780345418260,The Princess Bride,William Goldman,1973,en-US,4.25,628637,https://images.gr-assets.com/books/1327903636m/21787.jpg,Young Adult
81,9780743247540,The Glass Castle,Jeannette Walls,2005,eng,4.24,621099,https://images.gr-assets.com/books/1400930557m/7445.jpg,Non-fiction
102,9780099408390,Where the Wild Things Are,Maurice Sendak,1963,eng,4.22,620618,https://images.gr-assets.com/books/1384434560m/19543.jpg,Children
97,9780393970130,Dracula,"Bram Stoker, Nina Auerbach, David J. Skal",1897,eng,3.98,618973,https://images.gr-assets.com/books/1387151694m/17245.jpg,Classics
117,9780440498060,"A Wrinkle in Time (A Wrinkle in Time Quintet, #1)",Madeleine L'Engle,1962,en-US,4.04,615907,https://images.gr-assets.com/books/1329061522m/18131.jpg,Fantasy
139,9781594744760,"Miss Peregrine’s Home for Peculiar Children (Miss Peregrine’s Peculiar Children, #1)",Ransom Riggs,2011,en-US,3.89,613674,https://images.gr-assets.com/books/1472782916m/9460487.jpg,Fantasy
119,9780385490820,The Handmaid's Tale,Margaret Atwood,1985,eng,4.06,607889,https://images.gr-assets.com/books/1498057733m/38447.jpg,Fiction
86,9780385338610,A Time to Kill,John Grisham,1989,eng,4.03,597775,https://s.gr-assets.com/assets/nophoto/book/111x148-bcc042a9c91a29c1d680899eff700a03.png,Fiction
134,9781416914300,"City of Glass (The Mortal Instruments, #3)",Cassandra Clare,2009,en-US,4.34,593173,https://images.gr-assets.com/books/1369452339m/3777732.jpg,Fantasy
95,9780375751520,The Picture of Dorian Gray,"Oscar Wilde, Jeffrey Eugenides",1891,eng,4.06,590014,https://images.gr-assets.com/books/1424596966m/5297.jpg,Classics
112,9780670026610,"Me Before You (Me Before You, #1)",Jojo Moyes,2012,eng,4.27,587647,https://images.gr-assets.com/books/1357108762m/15507958.jpg,Romance
48,9780307347980,Fahrenheit 451,Ray Bradbury,1953,spa,3.97,570498,https://images.gr-assets.com/books/1351643740m/4381.jpg,Classics
98,9780307269980,"The Girl Who Played with Fire (Millennium, #2)","Stieg Larsson, Reg Keeland",2006,eng,4.22,563994,https://images.gr-assets.com/books/1351778881m/5060378.jpg,Fiction
113,9780684833390,Catch-22,Joseph Heller,1961,en-US,3.98,563265,https://images.gr-assets.com/books/1463157317m/168668.jpg,Classics
128,9781451648540,Steve Jobs,Walter Isaacson,2011,eng,4.09,560715,https://images.gr-assets.com/books/1327861368m/11084145.jpg,Biography & Memoir
114,9780751529810,Tuesdays with Morrie,"Mitch Albom, Saulius Dagys",1997,eng,4.06,556518,https://images.gr-assets.com/books/1423763749m/6900.jpg,Non-fiction
103,9780140449270,The Count of Monte Cristo,"Alexandre Dumas, Robin Buss",1844,eng,4.21,555822,https://images.gr-assets.com/books/1309203605m/7126.jpg,Classics
116,9780143039560,The Adventures of Tom Sawyer,"Mark Twain, Guy Cardwell, John Seelye",1876,eng,3.89,555359,https://images.gr-assets.com/books/1404811979m/24583.jpg,Classics
99,9781612130580,"Fifty Shades Darker (Fifty Shades, #2)",E.L. James,2011,eng,3.87,552059,https://images.gr-assets.com/books/1358266080m/11857408.jpg,Romance
107,9780446693810,A Walk to Remember,Nicholas Sparks,1999,en-US,4.15,546948,https://images.gr-assets.com/books/1385738968m/3473.jpg,Poetry & Drama
100,9780060786500,The Poisonwood Bible,Barbara Kingsolver,1998,eng,4.02,546502,https://images.gr-assets.com/books/1412242487m/7244.jpg,History
108,9780440241420,"Confessions of a Shopaholic (Shopaholic, #1)",Sophie Kinsella,2000,eng,3.61,543658,https://images.gr-assets.com/books/1327872404m/9416.jpg,Humor
120,9780385729340,"The Sisterhood of the Traveling Pants (Sisterhood, #1)",Ann Brashares,2001,eng,3.75,525706,https://images.gr-assets.com/books/1461611233m/452306.jpg,Young Adult
92,9780061234000,"Freakonomics: A Rogue Economist Explores the Hidden Side of Everything (Freakonomics, #1)","Steven D. Levitt, Stephen J. Dubner",2005,en-US,3.93,524191,https://images.gr-assets.com/books/1327909092m/1202.jpg,Non-fiction
110,9780553381700,"A Clash of Kings  (A Song of Ice and Fire, #2)",George R.R. Martin,1998,eng,4.4,523303,https://images.gr-assets.com/books/1358254974m/10572.jpg,Fantasy
130,9780684830490,The Old Man and the Sea,Ernest Hemingway,1952,eng,3.73,520630,https://images.gr-assets.com/books/1329189714m/2165.jpg,Classics
125,9780521618750,Hamlet,"William Shakespeare, Richard Andrews, Rex Gibson",1600,eng,4.0,515820,https://images.gr-assets.com/books/1351051208m/1420.jpg,Classics
137,9780440242950,"Outlander (Outlander, #1)",Diana Gabaldon,1991,eng,4.2,515547,https://images.gr-assets.com/books/1402600310m/10964.jpg,History
118,9780143038090,The Joy Luck Club,Amy Tan,1989,eng,3.9,515090,https://images.gr-assets.com/books/1304978653m/7763.jpg,Classics
151,9780786856860,"The Sea of Monsters (Percy Jackson and the Olympians, #2)",Rick Riordan,2006,eng,4.23,514932,https://images.gr-assets.com/books/1400602661m/28186.jpg,Fantasy
164,9781250012580,Eleanor & Park,Rainbow Rowell,2013,eng,4.11,514312,https://images.gr-assets.com/books/1341952742m/15745753.jpg,Young Adult
109,9780451525260,Les Misérables,"Victor Hugo, Lee Fahnestock, Norman MacAfee",1862,eng,4.14,513407,https://images.gr-assets.com/books/1411852091m/24280.jpg,Classics
30,9780297859380,Gone Girl,Gillian Flynn,2012,eng,4.03,512475,https://images.gr-assets.com/books/1339602131m/8442457.jpg,Mystery & Thriller
166,9780525423640,"Matched (Matched, #1)",Ally Condie,2010,eng,3.68,511815,https://images.gr-assets.com/books/1367706191m/7735333.jpg,Young Adult
124,9780316098340,Room,Emma Donoghue,2010,eng,4.03,511360,https://images.gr-assets.com/books/1344265419m/7937843.jpg,Fiction
138,9780142437260,The Scarlet Letter,"Nathaniel Hawthorne, Thomas E. Connolly, Nina Baym",1850,eng,3.37,509883,https://images.gr-assets.com/books/1404810944m/12296.jpg,Classics
159,9781423101470,"The Battle of the Labyrinth (Percy Jackson and the Olympians, #4)",Rick Riordan,2008,eng,4.39,508214,https://images.gr-assets.com/books/1443142158m/2120932.jpg,Fantasy
122,9780060987110,"Wicked: The Life and Times of the Wicked Witch of the West (The Wicked Years, #1)","Gregory Maguire, Douglas Smith",1995,eng,3.52,506900,https://images.gr-assets.com/books/1437733293m/37442.jpg,Fiction
206,9780062059930,"The Selection (The Selection, #1)",Kiera Cass,2012,en-US,4.15,505340,https://images.gr-assets.com/books/1322103400m/10507293.jpg,Young Adult
104,9780307265430,The Road,Cormac McCarthy,2006,eng,3.95,504793,https://images.gr-assets.com/books/1439197219m/6288.jpg,Science Fiction
149,9780525421030,"If I Stay (If I Stay, #1)",Gayle Forman,2009,en-US,3.96,503527,https://images.gr-assets.com/books/1347462970m/4374400.jpg,Young Adult
133,9780451528830,"Anne of Green Gables (Anne of Green Gables, #1)",L.M. Montgomery,1908,eng,4.23,502247,https://s.gr-assets.com/assets/nophoto/book/111x148-bcc042a9c91a29c1d680899eff700a03.png,Fiction
111,9780143037150,The Memory Keeper's Daughter,Kim Edwards,2005,eng,3.64,501430,https://s.gr-assets.com/assets/nophoto/book/111x148-bcc042a9c91a29c1d680899eff700a03.png,Fiction
154,9780743477110,Macbeth,William Shakespeare,1606,eng,3.88,496018,https://images.gr-assets.com/books/1459795224m/8852.jpg,Poetry & Drama
101,9780349113910,Me Talk Pretty One Day,David Sedaris,2000,eng,3.97,495736,https://s.gr-assets.com/assets/nophoto/book/111x148-bcc042a9c91a29c1d680899eff700a03.png,Humor
129,9780451163970,One Flew Over the Cuckoo's Nest,Ken Kesey,1962,eng,4.18,491642,https://images.gr-assets.com/books/1485308778m/332613.jpg,Classics
183,9781416975860,"Clockwork Angel (The Infernal Devices, #1)",Cassandra Clare,2010,eng,4.33,490890,https://images.gr-assets.com/books/1454962884m/7171637.jpg,Fantasy
94,9780060531040,One Hundred Years of Solitude,"Gabriel García Márquez, Gregory Rabassa",1967,eng,4.04,490565,https://images.gr-assets.com/books/1327881361m/320.jpg,Classics
127,9780316346630,The Tipping Point: How Little Things Can Make a Big Difference,Malcolm Gladwell,2000,eng,3.92,490504,https://images.gr-assets.com/books/1473396980m/2612.jpg,Non-fiction
123,9780582418270,"The Firm (Penguin Readers, Level 5)",John Grisham,1991,eng,3.99,488269,https://images.gr-assets.com/books/1418465200m/5358.jpg,Fiction
115,9780312422160,Middlesex,Jeffrey Eugenides,2002,en-US,3.98,488243,https://images.gr-assets.com/books/1437029776m/2187.jpg,Fiction
144,9781400064170,"Unbroken: A World War II Story of Survival, Resilience, and Redemption",Laura Hillenbrand,2010,eng,4.4,487775,https://images.gr-assets.com/books/1327861115m/8664353.jpg,Non-fiction
126,9780340839940,Dune (Dune Chronicles #1),Frank Herbert,1965,eng,4.19,485032,https://images.gr-assets.com/books/1434908555m/234225.jpg,Science Fiction
135,9780553573430,"A Storm of Swords (A Song of Ice and Fire, #3)",George R.R. Martin,2000,eng,4.54,469022,https://images.gr-assets.com/books/1497931121m/62291.jpg,Fantasy
148,9780452287020,Girl with a Pearl Earring,Tracy Chevalier,1999,eng,3.85,467577,https://images.gr-assets.com/books/1327197580m/2865.jpg,History
136,9780060759960,Divine Secrets of the Ya-Ya Sisterhood,Rebecca Wells,1996,en-US,3.79,465676,https://images.gr-assets.com/books/1408313524m/137791.jpg,Fiction
161,9780345339740,"The Return of the King (The Lord of the Rings, #3)",J.R.R. Tolkien,1955,en-US,4.51,463959,https://images.gr-assets.com/books/1389977161m/18512.jpg,Fantasy
147,9781595141710,Thirteen Reasons Why,Jay Asher,2007,eng,4.02,463783,https://images.gr-assets.com/books/1333822506m/1217100.jpg,Young Adult
105,9780007524270,"Allegiant (Divergent, #3)",Veronica Roth,2013,eng,3.63,463257,https://images.gr-assets.com/books/1395582745m/18710190.jpg,Young Adult
142,9780451207140,"The Pillars of the Earth (The Kingsbridge Series, #1)",Ken Follett,1989,eng,4.29,462517,https://s.gr-assets.com/assets/nophoto/book/111x148-bcc042a9c91a29c1d680899eff700a03.png,History
88,9780142414930,Paper Towns,John Green,2008,en-US,3.88,461311,https://images.gr-assets.com/books/1349013610m/6442769.jpg,Young Adult
171,9780141439590,Emma,"Jane Austen, Fiona Stafford",1815,eng,3.99,459826,https://images.gr-assets.com/books/1373627931m/6969.jpg,Classics
160,9780192833590,Great Expectations,Charles Dickens,1860,eng,3.75,459247,https://images.gr-assets.com/books/1327920219m/2623.jpg,Classics
157,9780394800160,Green Eggs and Ham,"Dr. Seuss, לאה נאור",1960,en-US,4.29,457475,https://images.gr-assets.com/books/1468680100m/23772.jpg,Children
145,9780671027380,Deception Point,Dan Brown,2001,eng,3.67,455610,https://s.gr-assets.com/assets/nophoto/book/111x148-bcc042a9c91a29c1d680899eff700a03.png,Fiction
158,9780142403880,"Charlie and the Chocolate Factory (Charlie Bucket, #1)","Roald Dahl, Quentin Blake",1964,eng,4.1,453959,https://images.gr-assets.com/books/1309211401m/6310.jpg,Fiction
132,9781401308580,The Five People You Meet in Heaven,Mitch Albom,2003,eng,3.9,449501,https://s.gr-assets.com/assets/nophoto/book/111x148-bcc042a9c91a29c1d680899eff700a03.png,Fiction
187,9780689865380,"Uglies (Uglies, #1)",Scott Westerfeld,2005,eng,3.86,449073,https://images.gr-assets.com/books/1443904172m/24770.jpg,Young Adult
202,9781416989420,"Hush, Hush (Hush, Hush, #1)",Becca Fitzpatrick,2009,en-US,4.0,448166,https://images.gr-assets.com/books/1358261334m/6339664.jpg,Young Adult
84,9780307348140,"Jurassic Park (Jurassic Park, #1)",Michael Crichton,1990,spa,3.96,447833,https://s.gr-assets.com/assets/nophoto/book/111x148-bcc042a9c91a29c1d680899eff700a03.png,Science Fiction
214,9780141382890,"The Titan's Curse (Percy Jackson and the Olympians, #3)",Rick Riordan,2007,eng,4.33,446668,https://images.gr-assets.com/books/1361038385m/561456.jpg,Fantasy
140,9780307270000,"The Girl Who Kicked the Hornet's Nest (Millennium, #3)","Stieg Larsson, Reg Keeland",2007,en-US,4.2,443951,https://images.gr-assets.com/books/1327708260m/6892870.jpg,Fiction
152,9780446528050,Dear John,Nicholas Sparks,2006,en-US,4.01,441062,https://images.gr-assets.com/books/1397749854m/5526.jpg,Romance
184,9780141301070,Matilda,"Roald Dahl, Quentin Blake",1988,eng,4.29,440743,https://s.gr-assets.com/assets/nophoto/book/111x148-bcc042a9c91a29c1d680899eff700a03.png,Young Adult
168,9780385199580,The Stand,"Stephen King, Bernie Wrightson",1978,en-US,4.34,438832,https://images.gr-assets.com/books/1213131305m/149267.jpg,Horror
182,9780316042670,"Beautiful Creatures (Caster Chronicles, #1)","Kami Garcia, Margaret Stohl",2009,eng,3.76,436093,https://images.gr-assets.com/books/1327873282m/6304335.jpg,Young Adult
173,9780393312840,A Clockwork Orange,Anthony Burgess,1962,eng,3.98,431195,https://images.gr-assets.com/books/1348339306m/227463.jpg,Science Fiction
185,9780385534640,The Night Circus,Erin Morgenstern,2011,eng,4.03,429543,https://images.gr-assets.com/books/1387124618m/9361589.jpg,Fantasy
165,9780553582020,"A Feast for Crows (A Song of Ice and Fire, #4)",George R.R. Martin,2005,en-US,4.1,428186,https://images.gr-assets.com/books/1429538615m/13497.jpg,Fantasy
252,9780312641890,"Cinder (The Lunar Chronicles, #1)",Marissa Meyer,2012,eng,4.15,427663,https://images.gr-assets.com/books/1470056948m/11235712.jpg,Young Adult
150,9780312353770,The Red Tent,Anita Diamant,1997,en-US,4.16,424981,https://s.gr-assets.com/assets/nophoto/book/111x148-bcc042a9c91a29c1d680899eff700a03.png,History
169,9780446547570,The Last Song,Nicholas Sparks,2008,en-GB,4.14,424637,https://images.gr-assets.com/books/1286549186m/6400090.jpg,Romance
141,9780804139020,The Martian,Andy Weir,2012,eng,4.39,423344,https://images.gr-assets.com/books/1413706054m/18007564.jpg,Science Fiction
170,9780552151700,Digital Fortress,Dan Brown,1998,en-GB,3.6,423019,https://images.gr-assets.com/books/1360095966m/11125.jpg,Fiction
197,9780441008540,"Dead Until Dark (Sookie Stackhouse, #1)",Charlaine Harris,2001,en-US,3.96,420764,https://images.gr-assets.com/books/1468560853m/301082.jpg,Fantasy
174,9780964729230,The Shack,William Paul Young,2007,eng,3.74,419539,https://images.gr-assets.com/books/1344270232m/1812457.jpg,Fiction
200,9780312330870,And Then There Were None,Agatha Christie,1939,eng,4.23,408983,https://images.gr-assets.com/books/1391120695m/16299.jpg,Mystery & Thriller
156,9780312321180,"Something Borrowed (Darcy & Rachel, #1)",Emily Giffin,2004,eng,3.83,403601,https://images.gr-assets.com/books/1305063535m/42156.jpg,Romance
178,9780061148510,The Bell Jar,Sylvia Plath,1963,en-US,3.98,401605,https://images.gr-assets.com/books/1473890514m/6514.jpg,Classics
192,9780756404080,"The Name of the Wind (The Kingkiller Chronicle, #1)",Patrick Rothfuss,2007,eng,4.55,400101,https://images.gr-assets.com/books/1472068073m/186074.jpg,Fantasy
191,9780930289230,Watchmen,"Alan Moore, Dave Gibbons, John Higgins",1987,en-US,4.35,398018,https://images.gr-assets.com/books/1442239711m/472331.jpg,Comics & Graphic Novels
175,9780739380340,"The Last Olympian (Percy Jackson and the Olympians, #5)",Rick Riordan,2009,eng,4.5,397500,https://images.gr-assets.com/books/1327924597m/4502507.jpg,Fantasy
146,9780316055440,The Goldfinch,Donna Tartt,2013,eng,3.87,396756,https://images.gr-assets.com/books/1451554970m/17333223.jpg,Fiction
224,9780385738930,"Fallen (Fallen, #1)",Lauren Kate,2009,en-US,3.74,395296,https://images.gr-assets.com/books/1440619649m/6487308.jpg,Young Adult
204,9781561797460,A Christmas Carol,Charles Dickens,1843,eng,4.02,394540,https://images.gr-assets.com/books/1406512317m/5326.jpg,Classics
195,9780385340990,The Guernsey Literary and Potato Peel Pie Society,"Mary Ann Shaffer, Annie Barrows",2008,eng,4.12,393626,https://images.gr-assets.com/books/1351979318m/2728527.jpg,History
179,9780007205230,"Angela's Ashes (Frank McCourt, #1)",Frank McCourt,1996,eng,4.07,392103,https://s.gr-assets.com/assets/nophoto/book/111x148-bcc042a9c91a29c1d680899eff700a03.png,Non-fiction
207,9780312362090,"One for the Money (Stephanie Plum, #1)",Janet Evanovich,1994,en-US,4.03,391007,https://images.gr-assets.com/books/1316730230m/6853.jpg,Mystery & Thriller
189,9780618640160,"The Lord of the Rings (The Lord of the Rings, #1-3)",J.R.R. Tolkien,1955,eng,4.47,389054,https://images.gr-assets.com/books/1411114164m/33.jpg,Fantasy
96,9780345803500,"Fifty Shades Freed (Fifty Shades, #3)",E.L. James,2012,eng,3.88,387290,https://images.gr-assets.com/books/1336418837m/13536860.jpg,Fiction
223,9780786817870,"Artemis Fowl (Artemis Fowl, #1)",Eoin Colfer,2001,eng,3.82,386923,https://images.gr-assets.com/books/1327945104m/249747.jpg,Fantasy
181,9780679745590,In Cold Blood,Truman Capote,1965,eng,4.05,381652,https://images.gr-assets.com/books/1424931136m/168642.jpg,Non-fiction
186,9780743227440,"The Other Boleyn Girl (The Plantagenet and Tudor Novels, #9)",Philippa Gregory,2001,eng,4.04,381080,https://images.gr-assets.com/books/1355932638m/37470.jpg,History
177,9780143058140,Crime and Punishment,"Fyodor Dostoyevsky, David McDuff",1866,eng,4.18,380903,https://images.gr-assets.com/books/1382846449m/7144.jpg,Fiction
190,9780307592740,Wild: From Lost to Found on the Pacific Crest Trail,Cheryl Strayed,2012,eng,3.96,379872,https://images.gr-assets.com/books/1453189881m/12262741.jpg,Non-fiction
167,9780747263750,"American Gods (American Gods, #1)",Neil Gaiman,2001,eng,4.11,378019,https://images.gr-assets.com/books/1258417001m/4407.jpg,Fantasy
208,9781400052170,The Immortal Life of Henrietta Lacks,Rebecca Skloot,2010,eng,4.04,377249,https://images.gr-assets.com/books/1327878144m/6493208.jpg,Non-fiction
198,9780671727800,The Color Purple,Alice Walker,1982,eng,4.17,376766,https://s.gr-assets.com/assets/nophoto/book/111x148-bcc042a9c91a29c1d680899eff700a03.png,Fiction
219,9780066238500,"The Chronicles of Narnia (Chronicles of Narnia, #1-7)","C.S. Lewis, Pauline Baynes",1956,eng,4.24,376385,https://images.gr-assets.com/books/1449868701m/11127.jpg,Fantasy
205,9780345476880,"Interview with the Vampire (The Vampire Chronicles, #1)",Anne Rice,1976,eng,3.97,372566,https://images.gr-assets.com/books/1380631642m/43763.jpg,Fantasy
180,9780553208850,Siddhartha,"Hermann Hesse, Hilda Rosner",1922,eng,3.99,372099,https://images.gr-assets.com/books/1428715580m/52036.jpg,Classics
201,9780385504220,"The Lost Symbol (Robert Langdon, #3)",Dan Brown,2009,eng,3.66,369428,https://images.gr-assets.com/books/1358274396m/6411961.jpg,Fiction
199,9780739461200,Marley and Me: Life and Love With the World's Worst Dog,John Grogan,2005,eng,4.12,367304,https://images.gr-assets.com/books/1308858322m/12691.jpg,Non-fiction
230,9780192802640,Persuasion,"Jane Austen, James Kinsley, Deidre Shauna Lynch",1817,eng,4.13,365425,https://s.gr-assets.com/assets/nophoto/book/111x148-bcc042a9c91a29c1d680899eff700a03.png,Classics
196,9780393327340,Fight Club,Chuck Palahniuk,1996,eng,4.2,365349,https://images.gr-assets.com/books/1357128997m/5759.jpg,Fiction
213,9780553213690,The Metamorphosis,"Franz Kafka, Stanley Corngold",1915,eng,3.78,364933,https://images.gr-assets.com/books/1359061917m/485894.jpg,Classics
234,9780141310890,Speak,Laurie Halse Anderson,1999,eng,4.0,360156,https://images.gr-assets.com/books/1310121762m/439288.jpg,Young Adult
246,9780312360270,"Marked (House of Night, #1)","P.C. Cast, Kristin Cast",2007,en-US,3.79,360044,https://images.gr-assets.com/books/1317067002m/30183.jpg,Young Adult
194,9780142437250,"Moby-Dick or, The Whale","Herman Melville, Andrew Delbanco, Tom Quirk",1851,eng,3.46,358050,https://images.gr-assets.com/books/1327940656m/153747.jpg,Classics
237,9781416524300,Carrie,Stephen King,1974,eng,3.93,356814,https://s.gr-assets.com/assets/nophoto/book/111x148-bcc042a9c91a29c1d680899eff700a03.png,Horror
254,9780545123270,"Shiver (The Wolves of Mercy Falls, #1)",Maggie Stiefvater,2009,eng,3.78,356625,https://images.gr-assets.com/books/1409283154m/6068551.jpg,Young Adult
193,9780316017920,Outliers: The Story of Success,Malcolm Gladwell,2008,en-US,4.11,353011,https://images.gr-assets.com/books/1344266315m/3228917.jpg,Non-fiction
209,9780099446780,"The Silence of the Lambs  (Hannibal Lecter, #2)",Thomas Harris,1988,eng,4.14,351107,https://images.gr-assets.com/books/1390426249m/23807.jpg,Horror
211,9780316010660,Blink: The Power of Thinking Without Thinking,Malcolm Gladwell,2005,en-US,3.89,348196,https://s.gr-assets.com/assets/nophoto/book/111x148-bcc042a9c91a29c1d680899eff700a03.png,Non-fiction
212,9780385721790,Atonement,Ian McEwan,2001,eng,3.88,347006,https://images.gr-assets.com/books/1320449708m/6867.jpg,History
309,9781442403540,"City of Fallen Angels (The Mortal Instruments, #4)",Cassandra Clare,2011,en-US,4.16,341826,https://images.gr-assets.com/books/1369452302m/6752378.jpg,Fantasy
229,9780451527740,Alice's Adventures in Wonderland & Through the Looking-Glass,"Lewis Carroll, John Tenniel, Martin Gardner",1865,eng,4.06,340920,https://images.gr-assets.com/books/1327872220m/24213.jpg,Classics
263,9780590920680,Ella Enchanted,Gail Carson Levine,1997,eng,3.97,339117,https://images.gr-assets.com/books/1410727190m/24337.jpg,Fantasy
245,9780439366780,Bridge to Terabithia,Katherine Paterson,1977,eng,3.98,337644,https://images.gr-assets.com/books/1327880087m/2839.jpg,Young Adult
243,9780450417400,Misery,Stephen King,1987,en-GB,4.11,334647,https://images.gr-assets.com/books/1270545451m/10614.jpg,Horror
248,9780743477540,A Midsummer Night's Dream,"William Shakespeare, Barbara A. Mowat, Paul Werstine, Catherine Belsey",1595,eng,3.94,334241,https://images.gr-assets.com/books/1327874534m/1622.jpg,Classics
241,9780440227530,Number the Stars,Lois Lowry,1989,eng,4.11,333638,https://images.gr-assets.com/books/1370917812m/47281.jpg,Fiction
226,9780307341560,Dark Places,Gillian Flynn,2009,eng,3.92,333452,https://images.gr-assets.com/books/1354988288m/5886881.jpg,Mystery & Thriller
232,9780452284690,"The Gunslinger (The Dark Tower, #1)",Stephen King,1982,en-US,3.99,332494,https://images.gr-assets.com/books/1375776480m/43615.jpg,Fantasy
216,9781554681720,The Art of Racing in the Rain,Garth Stein,2006,eng,4.19,327409,https://images.gr-assets.com/books/1377206302m/3153910.jpg,Fiction
222,9780752864330,"The Bourne Identity (Jason Bourne, #1)",Robert Ludlum,1980,eng,3.98,327122,https://images.gr-assets.com/books/1335860740m/7869.jpg,Fiction
228,9780312291630,"The Nanny Diaries (Nanny, #1)","Emma McLaughlin, Nicola Kraus",2002,eng,3.4,323762,https://s.gr-assets.com/assets/nophoto/book/111x148-bcc042a9c91a29c1d680899eff700a03.png,Fiction
131,9780142000660,The Grapes of Wrath,John Steinbeck,1939,eng,3.92,322321,https://images.gr-assets.com/books/1352912927m/4395.jpg,Classics
227,9780385339090,The Client,John Grisham,1993,eng,3.97,320083,https://s.gr-assets.com/assets/nophoto/book/111x148-bcc042a9c91a29c1d680899eff700a03.png,Fiction
282,9780061139380,Coraline,Neil Gaiman,2002,eng,4.03,316379,https://images.gr-assets.com/books/1493497435m/17061.jpg,Fantasy
247,9780743269510,The 7 Habits of Highly Effective People: Powerful Lessons in Personal Change,Stephen R. Covey,1989,en-US,4.05,314700,https://images.gr-assets.com/books/1421842784m/36072.jpg,Non-fiction
251,9780394800010,The Cat in the Hat,Dr. Seuss,1957,eng,4.15,314016,https://images.gr-assets.com/books/1468890477m/233093.jpg,Children
271,9780156030300,Flowers for Algernon,Daniel Keyes,1966,en-US,4.07,313044,https://images.gr-assets.com/books/1367141311m/18373.jpg,Fiction
239,9780307346600,World War Z: An Oral History of the Zombie War,Max Brooks,2006,en-US,4.01,312969,https://images.gr-assets.com/books/1386328204m/8908.jpg,Horror
275,9780525476890,An Abundance of Katherines,John Green,2006,eng,3.63,312754,https://images.gr-assets.com/books/1360206426m/49750.jpg,Young Adult
231,9780312370830,Sarah's Key,Tatiana de Rosnay,2007,eng,4.14,312444,https://s.gr-assets.com/assets/nophoto/book/111x148-bcc042a9c91a29c1d680899eff700a03.png,History
221,9781558743660,"A Child Called ""It"" (Dave Pelzer #1)",Dave Pelzer,1995,eng,4.08,311543,https://s.gr-assets.com/assets/nophoto/book/111x148-bcc042a9c91a29c1d680899eff700a03.png,Non-fiction
242,9780446692630,"Along Came a Spider (Alex Cross, #1)",James Patterson,1993,eng,4.08,311499,https://s.gr-assets.com/assets/nophoto/book/111x148-bcc042a9c91a29c1d680899eff700a03.png,Mystery & Thriller
217,9780739303400,"The Devil in the White City: Murder, Magic, and Madness at the Fair That Changed America","Erik Larson, Tony Goldwyn",2003,eng,3.98,309385,https://images.gr-assets.com/books/1312066724m/21996.jpg,Non-fiction
351,9781416975880,"Clockwork Prince (The Infernal Devices, #2)",Cassandra Clare,2011,eng,4.46,307994,https://images.gr-assets.com/books/1460477747m/10025305.jpg,Fantasy
292,9780061125270,"The Voyage of the Dawn Treader (Chronicles of Narnia, #3)","C.S. Lewis, Pauline Baynes",1951,eng,4.08,306492,https://images.gr-assets.com/books/1343185059m/140225.jpg,Classics
262,9780399167060,Big Little Lies,Liane Moriarty,2014,eng,4.2,306186,https://images.gr-assets.com/books/1492239430m/19486412.jpg,Mystery & Thriller
259,9780385738750,"The Scorch Trials (Maze Runner, #2)",James Dashner,2010,eng,3.93,305643,https://s.gr-assets.com/assets/nophoto/book/111x148-bcc042a9c91a29c1d680899eff700a03.png,Young Adult
312,9780060530920,The Graveyard Book,"Neil Gaiman, Dave McKean",2008,en-US,4.12,302303,https://images.gr-assets.com/books/1303859949m/2213661.jpg,Fantasy
319,9781442416860,"City of Lost Souls (The Mortal Instruments, #5)",Cassandra Clare,2012,eng,4.3,300553,https://images.gr-assets.com/books/1460477703m/8755776.jpg,Fantasy
327,9780399256750,"Legend (Legend, #1)",Marie Lu,2011,eng,4.19,299998,https://images.gr-assets.com/books/1501368160m/9275658.jpg,Young Adult
294,9781423140600,"The Son of Neptune (The Heroes of Olympus, #2)",Rick Riordan,2011,eng,4.44,299980,https://images.gr-assets.com/books/1464201114m/9520360.jpg,Fantasy
283,9780060853980,"Good Omens: The Nice and Accurate Prophecies of Agnes Nutter, Witch","Terry Pratchett, Neil Gaiman",1990,en-US,4.25,298304,https://images.gr-assets.com/books/1392528568m/12067.jpg,Fantasy
278,9780060513060,A Light in the Attic,Shel Silverstein,1981,eng,4.34,297861,https://images.gr-assets.com/books/1427169918m/30118.jpg,Poetry & Drama
253,9780316206850,"The Cuckoo's Calling (Cormoran Strike, #1)","Robert Galbraith, J.K. Rowling",2013,en-US,3.83,297712,https://images.gr-assets.com/books/1358716559m/16160797.jpg,Mystery & Thriller
172,9780345803920,Anna Karenina,"Leo Tolstoy, Louise Maude, Leo Tolstoj, Aylmer Maude",1877,eng,4.02,297472,https://images.gr-assets.com/books/1352422904m/15823480.jpg,Classics
296,9780241003010,The Very Hungry Caterpillar Board Book,Eric Carle,1969,eng,4.29,296952,https://images.gr-assets.com/books/1327878225m/4948.jpg,Children
249,9780618711660,Extremely Loud and Incredibly Close,Jonathan Safran Foer,2005,en-US,3.97,294726,https://images.gr-assets.com/books/1327879967m/4588.jpg,Fiction
268,9781400078780,Never Let Me Go,Kazuo Ishiguro,2005,eng,3.8,294123,https://images.gr-assets.com/books/1353048590m/6334.jpg,Fiction
238,9780312422270,Running with Scissors,Augusten Burroughs,2002,en-US,3.7,293878,https://s.gr-assets.com/assets/nophoto/book/111x148-bcc042a9c91a29c1d680899eff700a03.png,Biography & Memoir
277,9780062255660,The Ocean at the End of the Lane,Neil Gaiman,2013,eng,3.99,293844,https://images.gr-assets.com/books/1497098563m/15783514.jpg,Fiction
176,9780451169520,It,Stephen King,1986,en-US,4.18,292592,https://images.gr-assets.com/books/1309376909m/18342.jpg,Horror
289,9780380395870,"Watership Down (Watership Down, #1)",Richard Adams,1972,eng,4.05,292426,https://images.gr-assets.com/books/1405136931m/76620.jpg,Classics
220,9780316043140,Twilight: The Complete Illustrated Movie Companion,Mark Cotta Vaz,0,en-US,4.23,291411,https://images.gr-assets.com/books/1352539022m/3609760.jpg,Horror
236,9780385494790,Into Thin Air: A Personal Account of the Mount Everest Disaster,Jon Krakauer,1997,en-US,4.11,291258,https://images.gr-assets.com/books/1463384482m/1898.jpg,Non-fiction
290,9780307886260,Is Everyone Hanging Out Without Me? (And Other Concerns),Mindy Kaling,2011,eng,3.84,290674,https://images.gr-assets.com/books/1443264638m/10335308.jpg,Non-fiction
281,9780385339700,The Pelican Brief,John Grisham,1992,eng,3.95,288376,https://s.gr-assets.com/assets/nophoto/book/111x148-bcc042a9c91a29c1d680899eff700a03.png,Mystery & Thriller
240,9780385537860,"Inferno (Robert Langdon, #4)",Dan Brown,2013,eng,3.8,287533,https://images.gr-assets.com/books/1397093185m/17212231.jpg,Fiction
300,9780385751060,The Boy in the Striped Pajamas,John Boyne,2006,eng,4.1,285692,https://images.gr-assets.com/books/1366228171m/39999.jpg,History
314,9780439709100,"Inkheart (Inkworld, #1)","Cornelia Funke, Anthea Bell",2003,en-US,3.86,285011,https://images.gr-assets.com/books/1328866790m/28194.jpg,Young Adult
264,9780743297330,The Sun Also Rises,Ernest Hemingway,1926,en-US,3.83,284988,https://images.gr-assets.com/books/1331828228m/3876.jpg,Classics
399,9780747599880,The Tales of Beedle the Bard,J.K. Rowling,2007,en-US,4.06,284833,https://images.gr-assets.com/books/1373467575m/3950967.jpg,Fantasy
233,9781400034680,Love in the Time of Cholera,"Gabriel García Márquez, Edith Grossman",1985,eng,3.89,283806,https://images.gr-assets.com/books/1327124987m/9712.jpg,History
256,9780143038250,Three Cups of Tea: One Man's Mission to Promote Peace ... One School at a Time,"Greg Mortenson, David Oliver Relin",2006,en-US,3.64,283516,https://images.gr-assets.com/books/1395407074m/49436.jpg,Non-fiction
255,9780452011880,Atlas Shrugged,"Ayn Rand, Leonard Peikoff",1957,eng,3.68,283295,https://images.gr-assets.com/books/1405868167m/662.jpg,Fiction
260,9780671723650,How to Win Friends and Influence People,Dale Carnegie,1936,eng,4.13,282623,https://images.gr-assets.com/books/1442726934m/4865.jpg,Non-fiction
355,9780152063960,"Graceling (Graceling Realm, #1)",Kristin Cashore,2008,en-CA,4.1,281185,https://images.gr-assets.com/books/1331548394m/3236307.jpg,Fantasy
273,9780812968060,Snow Flower and the Secret Fan,Lisa See,2005,eng,4.05,280475,https://images.gr-assets.com/books/1327880508m/1103.jpg,History
276,9780553803720,Foundation (Foundation #1),Isaac Asimov,1951,eng,4.13,279688,https://images.gr-assets.com/books/1417900846m/29579.jpg,Science Fiction
261,9780767900390,Under the Tuscan Sun,Frances Mayes,1996,eng,3.72,279264,https://images.gr-assets.com/books/1320524083m/480479.jpg,Non-fiction
308,9780440241900,Can You Keep a Secret?,Sophie Kinsella,2003,en-US,3.83,278747,https://images.gr-assets.com/books/1330464293m/33724.jpg,Romance
298,9780451528550,The Time Machine,"H.G. Wells, Greg Bear, Carlo Pagetti",1895,eng,3.87,276076,https://images.gr-assets.com/books/1327942880m/2493.jpg,Classics
356,9780439206470,"The Bad Beginning (A Series of Unfortunate Events, #1)","Lemony Snicket, Brett Helquist",1999,eng,3.89,275670,https://images.gr-assets.com/books/1490085391m/78411.jpg,Fiction
393,9781599906960,"Throne of Glass (Throne of Glass, #1)",Sarah J. Maas,2012,eng,4.24,274987,https://images.gr-assets.com/books/1495278054m/7896527.jpg,Young Adult
266,9780446677390,"Kiss the Girls (Alex Cross, #2)",James Patterson,1995,eng,3.93,274639,https://s.gr-assets.com/assets/nophoto/book/111x148-bcc042a9c91a29c1d680899eff700a03.png,Mystery & Thriller
163,9781423113390,"The Lost Hero (The Heroes of Olympus, #1)",Rick Riordan,2010,eng,4.35,271576,https://images.gr-assets.com/books/1464201003m/7736182.jpg,Fantasy
317,9780553279380,I Know Why the Caged Bird Sings,Maya Angelou,1969,en-US,4.19,270859,https://images.gr-assets.com/books/1327957927m/13214.jpg,Non-fiction
279,9780751565360,"Harry Potter and the Cursed Child - Parts One and Two (Harry Potter, #8)","John Tiffany, Jack Thorne, J.K. Rowling",2016,eng,3.75,270603,https://images.gr-assets.com/books/1470082995m/29056083.jpg,Fantasy
335,9780375814240,James and the Giant Peach,"Roald Dahl, Quentin Blake",1961,eng,3.99,270402,https://images.gr-assets.com/books/1320412586m/6689.jpg,Children
288,9780425172900,"The Hunt for Red October (Jack Ryan Universe, #4)",Tom Clancy,1984,eng,4.01,270318,https://images.gr-assets.com/books/1281995542m/19691.jpg,Fiction
321,9780375806810,Where the Red Fern Grows,Wilson Rawls,1961,eng,4.04,268548,https://images.gr-assets.com/books/1166154337m/10365.jpg,Classics
332,9780060764910,"The Magician's Nephew (Chronicles of Narnia, #6)",C.S. Lewis,1953,eng,4.01,268355,https://images.gr-assets.com/books/1308814770m/65605.jpg,Children
322,9780060557810,Neverwhere,Neil Gaiman,1996,eng,4.18,268318,https://images.gr-assets.com/books/1348747943m/14497.jpg,Fantasy
293,9780753453800,Treasure Island,Robert Louis Stevenson,1882,eng,3.82,268012,https://images.gr-assets.com/books/1485248909m/295.jpg,Classics
286,9780446579930,The Lucky One,Nicholas Sparks,2008,en-US,4.1,267166,https://images.gr-assets.com/books/1420816338m/3063499.jpg,Romance
394,9781595141970,"Shadow Kiss (Vampire Academy, #3)",Richelle Mead,2008,en-US,4.37,266742,https://images.gr-assets.com/books/1361099049m/2802316.jpg,Young Adult
258,9780143034900,"The Shadow of the Wind (The Cemetery of Forgotten Books,  #1)","Carlos Ruiz Zafón, Lucia Graves",2001,eng,4.24,263685,https://images.gr-assets.com/books/1344545047m/1232.jpg,Fiction
272,9780552995870,Like Water for Chocolate,"Laura Esquivel, Thomas  Christensen, Carol Christensen",1989,en-US,3.94,263199,https://s.gr-assets.com/assets/nophoto/book/111x148-bcc042a9c91a29c1d680899eff700a03.png,Fiction
269,9780786890750,P.S. I Love You,Cecelia Ahern,2003,en-US,4.01,262921,https://s.gr-assets.com/assets/nophoto/book/111x148-bcc042a9c91a29c1d680899eff700a03.png,Romance
330,9780812511820,"The Eye of the World (Wheel of Time, #1)",Robert Jordan,1990,eng,4.18,260184,https://images.gr-assets.com/books/1337818095m/228665.jpg,Fantasy
452,9780399162410,"The 5th Wave (The 5th Wave, #1)",Rick Yancey,2013,eng,4.1,260048,https://images.gr-assets.com/books/1359853842m/16101128.jpg,Young Adult
306,9780671021010,She's Come Undone,Wally Lamb,1992,en-US,3.84,259576,https://images.gr-assets.com/books/1408313457m/5203.jpg,Fiction
363,9780525423270,"Anna and the French Kiss (Anna and the French Kiss, #1)",Stephanie Perkins,2010,en-US,4.08,259479,https://images.gr-assets.com/books/1358271931m/6936382.jpg,Young Adult
295,9781451627280,11/22/63,Stephen King,2011,eng,4.29,258464,https://images.gr-assets.com/books/1327876792m/10644930.jpg,Fiction
291,9780375414500,Cutting for Stone,Abraham Verghese,2009,eng,4.28,258319,https://images.gr-assets.com/books/1327931601m/3591262.jpg,Fiction
358,9780679805270,"Oh, The Places You'll Go!",Dr. Seuss,1990,en-US,4.34,257260,https://images.gr-assets.com/books/1421708635m/191139.jpg,Children
280,9780061726840,"Delirium (Delirium, #1)",Lauren Oliver,2011,eng,3.99,256975,https://images.gr-assets.com/books/1327890411m/11614718.jpg,Romance
384,9781595141750,"Frostbite (Vampire Academy, #2)",Richelle Mead,2008,eng,4.3,256745,https://images.gr-assets.com/books/1361098960m/2282133.jpg,Young Adult
274,9780451205770,The Godfather,"Mario Puzo, Robert Thompson, Peter Bart",1969,eng,4.36,256480,https://images.gr-assets.com/books/1394988109m/22034.jpg,Fiction
305,9781416524340,Pet Sematary,Stephen King,1983,eng,3.91,256383,https://images.gr-assets.com/books/1308894674m/10583.jpg,Horror
311,9780380018180,The Thorn Birds,Colleen McCullough,1977,eng,4.22,255651,https://images.gr-assets.com/books/1391416796m/3412.jpg,Fiction
301,9781892295490,Heart of Darkness,Joseph Conrad,1899,eng,3.42,255576,https://images.gr-assets.com/books/1392799983m/4900.jpg,Classics
302,9780446547600,Safe Haven,Nicholas Sparks,2010,eng,4.19,255531,https://images.gr-assets.com/books/1344268800m/7812659.jpg,Romance
392,9780810993140,"Diary of a Wimpy Kid (Diary of a Wimpy Kid, #1)",Jeff Kinney,2004,en-US,3.96,254852,https://s.gr-assets.com/assets/nophoto/book/111x148-bcc042a9c91a29c1d680899eff700a03.png,Humor
267,9780312577220,The Nightingale,Kristin Hannah,2015,eng,4.54,253606,https://images.gr-assets.com/books/1451446316m/21853621.jpg,History
340,9780061969550,"I Am Number Four (Lorien Legacies, #1)",Pittacus Lore,2010,en-US,3.94,253437,https://images.gr-assets.com/books/1305807140m/7747374.jpg,Young Adult
334,9780425263910,"Reflected in You (Crossfire, #2)",Sylvia Day,2012,eng,4.33,252564,https://images.gr-assets.com/books/1477802540m/13596809.jpg,Romance
285,9781476729080,"The Rosie Project (Don Tillman, #1)",Graeme Simsion,2013,eng,4.01,251703,https://images.gr-assets.com/books/1371651741m/16181775.jpg,Fiction
352,9780062268340,Yes Please,Amy Poehler,2014,eng,3.81,251082,https://images.gr-assets.com/books/1402815435m/20910157.jpg,Non-fiction
364,9780007173040,How the Grinch Stole Christmas!,Dr. Seuss,1957,eng,4.36,250602,https://images.gr-assets.com/books/1327958149m/113946.jpg,Children
347,9780007202300,"Prince Caspian (Chronicles of Narnia, #2)",C.S. Lewis,1951,eng,3.96,250221,https://images.gr-assets.com/books/1308814880m/121749.jpg,Classics
316,9780307279460,A Walk in the Woods,Bill Bryson,1997,eng,4.05,250192,https://s.gr-assets.com/assets/nophoto/book/111x148-bcc042a9c91a29c1d680899eff700a03.png,Non-fiction
345,9780375840400,"Eldest (The Inheritance Cycle, #2)",Christopher Paolini,2005,en-US,3.96,250000,https://images.gr-assets.com/books/1387119654m/45978.jpg,Young Adult
357,9780449213940,All Quiet on the Western Front,"Erich Maria Remarque, A.W. Wheen",1929,en-US,3.92,249113,https://images.gr-assets.com/books/1441227765m/355697.jpg,Classics
310,9780743418170,"Good in Bed (Cannie Shapiro, #1)",Jennifer Weiner,2001,en-US,3.7,248804,https://images.gr-assets.com/books/1327936464m/14748.jpg,Fiction
346,9780140621680,"The Wonderful Wizard of Oz (Oz, #1)","L. Frank Baum, W.W. Denslow",1900,eng,3.98,247521,https://images.gr-assets.com/books/1398003737m/236093.jpg,Classics
304,9780060987560,I Know This Much Is True,Wally Lamb,1998,eng,4.17,246917,https://images.gr-assets.com/books/1373532198m/227711.jpg,Fiction
284,9780140042600,On the Road,Jack Kerouac,1955,eng,3.64,246602,https://images.gr-assets.com/books/1413588576m/70401.jpg,Classics
373,9780141311370,The BFG,"Roald Dahl, Quentin Blake",1982,eng,4.22,245855,https://images.gr-assets.com/books/1327872673m/6319.jpg,Children
307,9780756404730,"The Wise Man's Fear (The Kingkiller Chronicle, #2)",Patrick Rothfuss,2011,eng,4.57,245686,https://images.gr-assets.com/books/1452624392m/1215032.jpg,Fantasy
326,9780316182550,White Oleander,Janet Fitch,1999,eng,3.93,245674,https://images.gr-assets.com/books/1501159524m/32234.jpg,Fiction
287,9780451191150,The Fountainhead,"Ayn Rand, Leonard Peikoff",1943,eng,3.85,244545,https://images.gr-assets.com/books/1491163636m/2122.jpg,Fiction
313,9781451681730,The Light Between Oceans,M.L. Stedman,2012,eng,4.0,243526,https://images.gr-assets.com/books/1336683021m/13158800.jpg,Fiction
387,9780142437340,The Crucible,"Arthur Miller, Christopher Bigsby",1953,eng,3.55,242980,https://images.gr-assets.com/books/1447764813m/17250.jpg,Classics
368,9780679879250,"The Subtle Knife (His Dark Materials, #2)",Philip Pullman,1997,eng,4.1,242503,https://images.gr-assets.com/books/1451271814m/119324.jpg,Fantasy
329,9781401323260,The Last Lecture,"Randy Pausch, Jeffrey Zaslow",2008,eng,4.25,241869,https://images.gr-assets.com/books/1388075896m/2318271.jpg,Non-fiction
303,9781582701710,"The Secret (The Secret, #1)",Rhonda Byrne,2006,eng,3.62,241537,https://images.gr-assets.com/books/1482865039m/52529.jpg,Business & Self-help
341,9780140275360,The Iliad,"Homer, Robert Fagles, Frédéric Mugler, Bernard Knox",-750,eng,3.83,241088,https://s.gr-assets.com/assets/nophoto/book/111x148-bcc042a9c91a29c1d680899eff700a03.png,Classics
297,9780140285600,Cat's Cradle,Kurt Vonnegut Jr.,1963,eng,4.18,238940,https://images.gr-assets.com/books/1327867150m/135479.jpg,Fiction
353,9780743477550,Othello,William Shakespeare,1603,eng,3.88,238875,https://images.gr-assets.com/books/1459795105m/12996.jpg,Classics
377,9780061142020,Stardust,Neil Gaiman,1999,eng,4.07,237602,https://images.gr-assets.com/books/1459127484m/16793.jpg,Fantasy
369,9780439488400,"Stargirl (Stargirl, #1)",Jerry Spinelli,2000,eng,3.74,237560,https://images.gr-assets.com/books/1335947642m/22232.jpg,Young Adult
315,9780091883770,Who Moved My Cheese?,"Spencer Johnson, Kenneth H. Blanchard",1998,eng,3.74,237272,https://s.gr-assets.com/assets/nophoto/book/111x148-bcc042a9c91a29c1d680899eff700a03.png,Non-fiction
382,9780525421580,"Will Grayson, Will Grayson","John Green, David Levithan",2010,eng,3.84,236431,https://images.gr-assets.com/books/1368393890m/6567017.jpg,Young Adult
386,9780440439880,"Island of the Blue Dolphins (Island of the Blue Dolphins, #1)",Scott O'Dell,1960,en-CA,3.8,236015,https://images.gr-assets.com/books/1475166260m/233818.jpg,Young Adult
328,9780743496730,Nineteen Minutes,Jodi Picoult,2007,eng,4.1,235978,https://s.gr-assets.com/assets/nophoto/book/111x148-bcc042a9c91a29c1d680899eff700a03.png,Fiction
423,9780062059960,"The Elite (The Selection, #2)",Kiera Cass,2013,eng,4.02,234247,https://images.gr-assets.com/books/1391454595m/16248068.jpg,Young Adult
336,9780446696620,"1st to Die (Women's Murder Club, #1)",James Patterson,2001,en-US,4.05,233984,https://s.gr-assets.com/assets/nophoto/book/111x148-bcc042a9c91a29c1d680899eff700a03.png,Mystery & Thriller
354,9781400033420,Beloved,Toni Morrison,1987,eng,3.77,233825,https://s.gr-assets.com/assets/nophoto/book/111x148-bcc042a9c91a29c1d680899eff700a03.png,Fiction
350,9780679785900,Fear and Loathing in Las Vegas,"Hunter S. Thompson, Ralph Steadman",1971,eng,4.08,232489,https://images.gr-assets.com/books/1394204569m/7745.jpg,Fiction
235,9780399159340,The Husband's Secret,Liane Moriarty,2013,eng,3.92,232106,https://images.gr-assets.com/books/1460577225m/17802724.jpg,Mystery & Thriller
419,9781595141990,"Blood Promise (Vampire Academy, #4)",Richelle Mead,2009,en-US,4.35,231853,https://images.gr-assets.com/books/1442530605m/5996153.jpg,Young Adult
342,9780316228530,The Casual Vacancy,J.K. Rowling,2012,eng,3.28,231835,https://images.gr-assets.com/books/1358266832m/13497818.jpg,Fiction
361,9780141439750,Oliver Twist,"Charles Dickens, George Cruikshank, Philip Horne",1838,eng,3.85,230181,https://images.gr-assets.com/books/1327868529m/18254.jpg,Classics
415,9780312532760,"Evermore (The Immortals, #1)",Alyson Noel,2009,en-US,3.59,230031,https://images.gr-assets.com/books/1362336360m/3975774.jpg,Young Adult
349,9780450031070,'Salem's Lot,Stephen King,1975,en-GB,3.99,228680,https://images.gr-assets.com/books/1327891565m/11590.jpg,Horror
250,9780375869020,Wonder,R.J. Palacio,2012,eng,4.43,228538,https://images.gr-assets.com/books/1309285027m/11387515.jpg,Young Adult
433,9780451216950,"Dark Lover (Black Dagger Brotherhood, #1)",J.R. Ward,2005,eng,4.21,227021,https://images.gr-assets.com/books/1429676285m/42899.jpg,Romance
325,9780552135400,A Prayer for Owen Meany,John Irving,1989,eng,4.22,226964,https://images.gr-assets.com/books/1260470010m/4473.jpg,Fiction
379,9780670022410,"A Discovery of Witches (All Souls Trilogy, #1)",Deborah Harkness,2011,eng,3.99,226622,https://images.gr-assets.com/books/1322168805m/8667848.jpg,Fantasy
391,9780679889110,The Lorax,Dr. Seuss,1971,eng,4.35,226564,https://images.gr-assets.com/books/1327879938m/7784.jpg,Children
434,9781416989430,"Crescendo (Hush, Hush, #2)",Becca Fitzpatrick,2010,en-US,4.07,226237,https://images.gr-assets.com/books/1362408146m/7791997.jpg,Young Adult
318,9780061950730,Orphan Train,Christina Baker Kline,2013,eng,4.14,226091,https://images.gr-assets.com/books/1362409483m/15818107.jpg,History
418,9781595142500,"Spirit Bound (Vampire Academy, #5)",Richelle Mead,2010,eng,4.37,224247,https://images.gr-assets.com/books/1291168967m/6479259.jpg,Young Adult
375,9780439227150,The Call of the Wild,Jack London,1903,eng,3.83,223932,https://images.gr-assets.com/books/1452291694m/1852.jpg,Classics
360,9780345404470,Do Androids Dream of Electric Sheep?,"Philip K. Dick, Roger Zelazny",1968,eng,4.08,223828,https://images.gr-assets.com/books/1435458683m/7082.jpg,Science Fiction
376,9780385738770,"The Death Cure (Maze Runner, #3)",James Dashner,2011,eng,3.77,223674,https://images.gr-assets.com/books/1303997647m/7864437.jpg,Young Adult
390,9780451528960,The Strange Case of Dr. Jekyll and Mr. Hyde,"Robert Louis Stevenson, Vladimir Nabokov, Mervyn Peake, Dan Chaon",1886,eng,3.79,223535,https://images.gr-assets.com/books/1318116526m/51496.jpg,Classics
333,9780595440090,Still Alice,Lisa Genova,2007,eng,4.3,223432,https://s.gr-assets.com/assets/nophoto/book/111x148-bcc042a9c91a29c1d680899eff700a03.png,Fiction
338,9780340896970,One Day,David Nicholls,2009,eng,3.77,222926,https://images.gr-assets.com/books/1327873020m/6280118.jpg,Fiction
337,9780345453750,The Ultimate Hitchhiker's Guide to the Galaxy,Douglas Adams,1996,eng,4.37,222842,https://images.gr-assets.com/books/1404613595m/13.jpg,Science Fiction
388,9780689840920,"Hatchet (Brian's Saga, #1)",Gary Paulsen,1986,en-US,3.68,222553,https://s.gr-assets.com/assets/nophoto/book/111x148-bcc042a9c91a29c1d680899eff700a03.png,Young Adult
416,9780590032490,The Witches,"Roald Dahl, Quentin Blake",1983,en-US,4.17,221431,https://images.gr-assets.com/books/1351707720m/6327.jpg,Children
331,9780061150140,The Pact,Jodi Picoult,1998,en-US,4.0,221225,https://images.gr-assets.com/books/1410754561m/10916.jpg,Fiction
371,9780441788380,Stranger in a Strange Land,Robert A. Heinlein,1961,eng,3.91,220301,https://images.gr-assets.com/books/1156897088m/350.jpg,Science Fiction
435,9780061726810,Before I Fall,Lauren Oliver,2010,eng,3.92,220160,https://images.gr-assets.com/books/1361044695m/6482837.jpg,Young Adult
406,9780874774240,The New Drawing on the Right Side of the Brain,Betty Edwards,1979,en-US,3.84,218264,https://s.gr-assets.com/assets/nophoto/book/111x148-bcc042a9c91a29c1d680899eff700a03.png,Business & Self-help
366,9780743223130,John Adams,David McCullough,2001,eng,4.05,215780,https://images.gr-assets.com/books/1478144278m/2203.jpg,History
320,9780316204280,"Where'd You Go, Bernadette",Maria Semple,2012,eng,3.9,215453,https://images.gr-assets.com/books/1338822317m/13526165.jpg,Fiction
470,9780316322410,I Am Malala: The Story of the Girl Who Stood Up for Education and Was Shot by the Taliban,"Malala Yousafzai, Christina Lamb",2012,eng,4.06,214412,https://images.gr-assets.com/books/1375414895m/17851885.jpg,Non-fiction
417,9780743298020,The Thirteenth Tale,Diane Setterfield,2006,eng,3.95,213200,https://images.gr-assets.com/books/1346267826m/40440.jpg,Fiction
447,9780375826730,"Brisingr (The Inheritance Cycle, #3)",Christopher Paolini,2008,eng,4.03,211645,https://s.gr-assets.com/assets/nophoto/book/111x148-bcc042a9c91a29c1d680899eff700a03.png,Fantasy
365,9781401207920,V for Vendetta,"Alan Moore, David   Lloyd",1990,eng,4.25,210682,https://images.gr-assets.com/books/1343668985m/5805.jpg,Comics & Graphic Novels
427,9781580495810,The Importance of Being Earnest,Oscar Wilde,1895,eng,4.17,210630,https://s.gr-assets.com/assets/nophoto/book/111x148-bcc042a9c91a29c1d680899eff700a03.png,Classics
389,9780765311790,"The Final Empire (Mistborn, #1)",Brandon Sanderson,2006,eng,4.43,208944,https://images.gr-assets.com/books/1480717416m/68428.jpg,Fantasy
381,9780446672210,Where the Heart Is,Billie Letts,1995,en-US,4.0,208333,https://images.gr-assets.com/books/1327959469m/5168.jpg,Fiction
244,9780307341550,Sharp Objects,Gillian Flynn,2006,en-US,3.92,207889,https://images.gr-assets.com/books/1423241485m/66559.jpg,Mystery & Thriller
444,9780525467560,"Winnie-the-Pooh (Winnie-the-Pooh, #1)","A.A. Milne, Ernest H. Shepard",1926,eng,4.34,207550,https://s.gr-assets.com/assets/nophoto/book/111x148-bcc042a9c91a29c1d680899eff700a03.png,Children
409,9780375508420,Fried Green Tomatoes at the Whistle Stop Cafe,Fannie Flagg,1987,eng,4.26,207508,https://s.gr-assets.com/assets/nophoto/book/111x148-bcc042a9c91a29c1d680899eff700a03.png,Fiction
543,9781595143070,"Last Sacrifice (Vampire Academy, #6)",Richelle Mead,2010,eng,4.42,206792,https://images.gr-assets.com/books/1319850978m/6527740.jpg,Young Adult
367,9780553384280,"Odd Thomas (Odd Thomas, #1)",Dean Koontz,2003,eng,3.94,205986,https://s.gr-assets.com/assets/nophoto/book/111x148-bcc042a9c91a29c1d680899eff700a03.png,Horror
449,9780312360280,"Betrayed (House of Night, #2)","P.C. Cast, Kristin Cast",2007,en-US,3.93,205340,https://s.gr-assets.com/assets/nophoto/book/111x148-bcc042a9c91a29c1d680899eff700a03.png,Young Adult
323,9780571224390,The Unbearable Lightness of Being,"Milan Kundera, Michael Henry Heim",1984,eng,4.08,205279,https://images.gr-assets.com/books/1265401884m/9717.jpg,Fiction
451,9781593082640,Northanger Abbey,"Jane Austen, Alfred MacAdam",1817,eng,3.8,205167,https://s.gr-assets.com/assets/nophoto/book/111x148-bcc042a9c91a29c1d680899eff700a03.png,Classics
471,9780141439810,Mansfield Park,"Jane Austen, Kathryn Sutherland, Tony Tanner, Claire Lamont",1814,eng,3.84,205064,https://images.gr-assets.com/books/1397063295m/45032.jpg,Fiction
450,9780451457810,"Storm Front (The Dresden Files, #1)",Jim Butcher,2000,en-US,4.02,203053,https://images.gr-assets.com/books/1419456275m/47212.jpg,Fantasy
443,9780670061050,Just Listen,Sarah Dessen,2006,en-US,4.06,202180,https://images.gr-assets.com/books/1358270741m/51738.jpg,Young Adult
385,9780307352150,Quiet: The Power of Introverts in a World That Can't Stop Talking,Susan Cain,2012,eng,4.04,202135,https://images.gr-assets.com/books/1328562861m/8520610.jpg,Non-fiction
446,9781420925530,A Study in Scarlet,Arthur Conan Doyle,1887,eng,4.15,201499,https://s.gr-assets.com/assets/nophoto/book/111x148-bcc042a9c91a29c1d680899eff700a03.png,Classics
344,9780316777740,Naked,David Sedaris,1997,en-US,4.08,201337,https://images.gr-assets.com/books/1394178867m/4138.jpg,Humor
411,9780385338690,The Undomestic Goddess,Sophie Kinsella,2005,eng,3.82,200509,https://s.gr-assets.com/assets/nophoto/book/111x148-bcc042a9c91a29c1d680899eff700a03.png,Romance
424,9780156001310,The Name of the Rose,"Umberto Eco, William Weaver, Seán Barrett",1980,en-US,4.11,200217,https://images.gr-assets.com/books/1415375471m/119073.jpg,Fiction
540,9780142437020,A Little Princess,"Frances Hodgson Burnett, Nancy Bond",1905,eng,4.2,199872,https://images.gr-assets.com/books/1327868556m/3008.jpg,Classics
558,9780441012180,"Dead to the World (Sookie Stackhouse, #4)",Charlaine Harris,2004,eng,4.13,199572,https://images.gr-assets.com/books/1468561630m/140077.jpg,Fantasy
410,9780385474540,"Things Fall Apart (The African Trilogy, #1)",Chinua Achebe,1958,en-US,3.61,199346,https://images.gr-assets.com/books/1352082529m/37781.jpg,Fiction
359,9781594631760,And the Mountains Echoed,Khaled Hosseini,2012,eng,4.03,199326,https://images.gr-assets.com/books/1358190204m/16115612.jpg,History
486,9780375822740,"The City of Ember (Book of Ember, #1)",Jeanne DuPrau,2003,eng,3.85,198809,https://images.gr-assets.com/books/1397931596m/307791.jpg,Young Adult
517,9780802798240,"Perfect Chemistry (Perfect Chemistry, #1)",Simone Elkeles,2008,eng,4.07,198627,https://images.gr-assets.com/books/1439792475m/4268157.jpg,Romance
432,9780553803710,"I, Robot (Robot #0.1)",Isaac Asimov,1950,eng,4.17,198368,https://images.gr-assets.com/books/1388321463m/41804.jpg,Science Fiction
535,9780316134030,"Daughter of Smoke & Bone (Daughter of Smoke & Bone, #1)",Laini Taylor,2011,eng,4.04,198283,https://images.gr-assets.com/books/1461353773m/8490112.jpg,Fantasy
454,9780060245860,If You Give a Mouse a Cookie,"Laura Joffe Numeroff, Felicia Bond",1985,en-US,4.24,198083,https://images.gr-assets.com/books/1276046901m/767680.jpg,Children
396,9780345505330,Hotel on the Corner of Bitter and Sweet,Jamie Ford,2009,eng,3.98,197294,https://s.gr-assets.com/assets/nophoto/book/111x148-bcc042a9c91a29c1d680899eff700a03.png,History
425,9781416914630,Go Ask Alice,"Beatrice Sparks, Anonymous",1971,eng,3.77,196677,https://images.gr-assets.com/books/1327870536m/46799.jpg,Fiction
402,9780553212280,The Tell-Tale Heart and Other Writings,Edgar Allan Poe,1843,en-GB,4.15,195689,https://images.gr-assets.com/books/1327936583m/391729.jpg,Classics
544,9780064400020,"Little House on the Prairie (Little House, #2)","Laura Ingalls Wilder, Garth Williams",1935,eng,4.18,195424,https://s.gr-assets.com/assets/nophoto/book/111x148-bcc042a9c91a29c1d680899eff700a03.png,Classics
395,9780684803360,For Whom the Bell Tolls,Ernest Hemingway,1940,eng,3.95,195063,https://images.gr-assets.com/books/1492591524m/46170.jpg,Classics
456,9780822210890,A Streetcar Named Desire,Tennessee Williams,1947,eng,3.97,194493,https://s.gr-assets.com/assets/nophoto/book/111x148-bcc042a9c91a29c1d680899eff700a03.png,Poetry & Drama
431,9780525945570,"Red Dragon (Hannibal Lecter, #1)",Thomas Harris,1981,eng,4.01,194013,https://s.gr-assets.com/assets/nophoto/book/111x148-bcc042a9c91a29c1d680899eff700a03.png,Horror
581,9780312642970,"Scarlet (The Lunar Chronicles, #2)",Marissa Meyer,2013,eng,4.3,193766,https://images.gr-assets.com/books/1470056982m/13206760.jpg,Fantasy
519,9780689865400,"Pretties (Uglies, #2)",Scott Westerfeld,2005,eng,3.85,193405,https://s.gr-assets.com/assets/nophoto/book/111x148-bcc042a9c91a29c1d680899eff700a03.png,Young Adult
475,9780525422940,"Where She Went (If I Stay, #2)",Gayle Forman,2011,en-US,4.06,193141,https://images.gr-assets.com/books/1347810457m/8492825.jpg,Young Adult
500,9780613371650,"The Princess Diaries (The Princess Diaries, #1)",Meg Cabot,2000,eng,3.76,193140,https://images.gr-assets.com/books/1355011082m/38980.jpg,Young Adult
407,9780060838720,Bel Canto,Ann Patchett,2001,eng,3.92,192330,https://images.gr-assets.com/books/1352997328m/5826.jpg,Fiction
480,9780440238160,"The Amber Spyglass (His Dark Materials, #3)",Philip Pullman,2000,eng,4.06,192315,https://images.gr-assets.com/books/1329189152m/18122.jpg,Fantasy
372,9780965904830,Dress Your Family in Corduroy and Denim,David Sedaris,2004,eng,4.08,191923,https://images.gr-assets.com/books/1352983006m/10176.jpg,Humor
421,9780345521310,The Paris Wife,Paula McLain,2011,eng,3.79,191850,https://images.gr-assets.com/books/1320545874m/8683812.jpg,History
491,9780312379830,"Untamed (House of Night, #4)","P.C. Cast, Kristin Cast",2008,en-US,3.95,191743,https://images.gr-assets.com/books/1438037020m/2866718.jpg,Young Adult
374,9780767908180,A Short History of Nearly Everything,Bill Bryson,2003,en-US,4.19,191535,https://s.gr-assets.com/assets/nophoto/book/111x148-bcc042a9c91a29c1d680899eff700a03.png,History
583,9781442426640,"Silence (Hush, Hush, #3)",Becca Fitzpatrick,2011,eng,4.16,190722,https://images.gr-assets.com/books/1362408152m/10637766.jpg,Young Adult
429,9780060855920,"The Color of Magic (Discworld, #1; Rincewind #1)",Terry Pratchett,1983,eng,3.97,190590,https://images.gr-assets.com/books/1407111017m/34497.jpg,Fantasy
527,9781841493010,"Living Dead in Dallas (Sookie Stackhouse, #2)",Charlaine Harris,2002,eng,3.97,190565,https://images.gr-assets.com/books/1329501808m/110494.jpg,Fantasy
457,9780751537280,The Historian,Elizabeth Kostova,2005,eng,3.77,190473,https://images.gr-assets.com/books/1338298031m/10692.jpg,Fiction
422,9780545044260,"Harry Potter Boxset (Harry Potter, #1-7)",J.K. Rowling,1998,eng,4.74,190050,https://images.gr-assets.com/books/1392579059m/862041.jpg,Fiction
539,9781301949820,"Hopeless (Hopeless, #1)",Colleen Hoover,2012,eng,4.34,189938,https://images.gr-assets.com/books/1353489892m/15717943.jpg,Romance
542,9780439861370,"The Horse and His Boy (Chronicles of Narnia, #5)",C.S. Lewis,1954,eng,3.9,189671,https://images.gr-assets.com/books/1388210968m/84119.jpg,Fantasy
473,9780670038600,"In the Woods (Dublin Murder Squad, #1)",Tana French,2007,eng,3.74,188024,https://images.gr-assets.com/books/1348442606m/237209.jpg,Mystery & Thriller
401,9780099910110,A Farewell to Arms,Ernest Hemingway,1929,en-US,3.79,186613,https://images.gr-assets.com/books/1313714836m/10799.jpg,Classics
453,9780802142850,Cold Mountain,Charles Frazier,1997,en-US,3.83,185979,https://s.gr-assets.com/assets/nophoto/book/111x148-bcc042a9c91a29c1d680899eff700a03.png,History
469,9780439321600,Fantastic Beasts and Where to Find Them,"Newt Scamander, J.K. Rowling, Albus Dumbledore",2001,eng,3.95,185928,https://images.gr-assets.com/books/1303738520m/41899.jpg,Young Adult
420,9780446676080,Message in a Bottle,Nicholas Sparks,1998,en-US,3.95,185116,https://images.gr-assets.com/books/1163789140m/3478.jpg,Romance
493,9780684823780,Mere Christianity,C.S. Lewis,1952,eng,4.31,184759,https://images.gr-assets.com/books/1468102872m/11138.jpg,Philosophy & Religion
383,9780307276900,A Million Little Pieces,James Frey,2003,en-CA,3.62,184241,https://images.gr-assets.com/books/1483206985m/1241.jpg,Non-fiction
378,9780618485220,The Namesake,Jhumpa Lahiri,2003,en-US,3.96,184211,https://images.gr-assets.com/books/1480106986m/33917.jpg,Fiction
490,9780394541560,"Maus I: A Survivor's Tale: My Father Bleeds History (Maus, #1)",Art Spiegelman,1985,eng,4.35,184007,https://images.gr-assets.com/books/1327884972m/15196.jpg,Comics & Graphic Novels
380,9780375704020,Norwegian Wood,"Haruki Murakami, Jay Rubin",1987,eng,4.02,183988,https://s.gr-assets.com/assets/nophoto/book/111x148-bcc042a9c91a29c1d680899eff700a03.png,Fiction
400,9780441569600,Neuromancer,William Gibson,1984,eng,3.88,183878,https://images.gr-assets.com/books/1167348726m/22328.jpg,Fiction
459,9781476738020,A Man Called Ove,"Fredrik Backman, Henning Koch",2012,eng,4.35,183777,https://images.gr-assets.com/books/1405259930m/18774964.jpg,Fiction
441,9781439148500,Under the Dome,Stephen King,2009,eng,3.89,183292,https://images.gr-assets.com/books/1268982908m/6320534.jpg,Horror
497,9780439228910,Black Beauty,Anna Sewell,1877,eng,3.94,183255,https://s.gr-assets.com/assets/nophoto/book/111x148-bcc042a9c91a29c1d680899eff700a03.png,Classics
461,9781416500190,"The Good Earth (House of Earth, #1)",Pearl S. Buck,1931,eng,3.97,182220,https://images.gr-assets.com/books/1312497600m/1078.jpg,Classics
404,9780385344230,Defending Jacob,William Landay,2012,eng,3.97,182025,https://images.gr-assets.com/books/1329612158m/11367726.jpg,Fiction
525,9780061978070,"Pandemonium (Delirium, #2)",Lauren Oliver,2012,eng,4.07,181656,https://images.gr-assets.com/books/1310371414m/9593911.jpg,Science Fiction
563,9781841493020,"Club Dead (Sookie Stackhouse, #3)",Charlaine Harris,2003,en-GB,4.03,181323,https://images.gr-assets.com/books/1329501590m/140082.jpg,Fantasy
468,9780061120060,Their Eyes Were Watching God,Zora Neale Hurston,1937,eng,3.87,181106,https://images.gr-assets.com/books/1368072803m/37415.jpg,Classics
643,9780312360310,"Chosen (House of Night, #3)","P.C. Cast, Kristin Cast",2008,en-US,3.9,180961,https://images.gr-assets.com/books/1393192825m/1326258.jpg,Young Adult
445,9780062060560,Before I Go to Sleep,S.J. Watson,2011,en-CA,3.87,180896,https://images.gr-assets.com/books/1358353512m/9736930.jpg,Fiction
501,9781400034770,"The No. 1 Ladies' Detective Agency  (No. 1 Ladies' Detective Agency, #1)",Alexander McCall Smith,1998,eng,3.75,180320,https://images.gr-assets.com/books/1459953654m/7061.jpg,Mystery & Thriller
541,9780142406250,The Truth About Forever,Sarah Dessen,2004,en-US,4.13,179415,https://images.gr-assets.com/books/1362767907m/51737.jpg,Young Adult
398,9780060838580,Fast Food Nation: The Dark Side of the All-American Meal,Eric Schlosser,2001,eng,3.73,179347,https://s.gr-assets.com/assets/nophoto/book/111x148-bcc042a9c91a29c1d680899eff700a03.png,Non-fiction
561,9780394820380,The Phantom Tollbooth,"Norton Juster, Jules Feiffer",1961,en-US,4.22,178432,https://s.gr-assets.com/assets/nophoto/book/111x148-bcc042a9c91a29c1d680899eff700a03.png,Fantasy
478,9780375757330,Robinson Crusoe,"Daniel Defoe, Gerald McCann, Virginia Woolf",1719,eng,3.66,178188,https://images.gr-assets.com/books/1403180114m/2932.jpg,Classics
405,9780385334200,Breakfast of Champions,Kurt Vonnegut Jr.,1973,eng,4.08,178154,https://images.gr-assets.com/books/1327934446m/4980.jpg,Classics
397,9780140120840,Perfume: The Story of a Murderer,"Patrick Süskind, John E. Woods",1985,eng,4.0,178135,https://images.gr-assets.com/books/1409112276m/343.jpg,Fiction
463,9780385335970,"Dragonfly in Amber (Outlander, #2)",Diana Gabaldon,1992,eng,4.31,178110,https://images.gr-assets.com/books/1456114344m/5364.jpg,History
607,9781481426300,"City of Heavenly Fire (The Mortal Instruments, #6)",Cassandra Clare,2014,eng,4.48,177796,https://images.gr-assets.com/books/1460477794m/8755785.jpg,Fantasy
270,9781844080380,Rebecca,"Daphne du Maurier, Sally Beauman",1938,en-US,4.2,177384,https://images.gr-assets.com/books/1327871977m/12873.jpg,Classics
632,9780062085480,"Shatter Me (Shatter Me, #1)",Tahereh Mafi,2011,en-US,4.01,176433,https://images.gr-assets.com/books/1310649047m/10429045.jpg,Young Adult
496,9780553381670,"The Clan of the Cave Bear (Earth's Children, #1)",Jean M. Auel,1980,eng,4.02,176062,https://images.gr-assets.com/books/1385331302m/1295.jpg,History
442,9780553380960,Snow Crash,Neal Stephenson,1992,eng,4.02,175883,https://images.gr-assets.com/books/1477624625m/830.jpg,Science Fiction
481,9780765346520,"Wizard's First Rule (Sword of Truth, #1)",Terry Goodkind,1994,eng,4.13,175771,https://s.gr-assets.com/assets/nophoto/book/111x148-bcc042a9c91a29c1d680899eff700a03.png,Fantasy
530,9780743482750,Much Ado About Nothing,"William Shakespeare, Barbara A. Mowat, Paul Werstine, Gail Kern Paster, Robert          Jackson",1598,eng,4.06,175616,https://images.gr-assets.com/books/1327885569m/12957.jpg,Classics
600,9780385739150,"Torment (Fallen, #2)",Lauren Kate,2010,eng,3.89,174393,https://images.gr-assets.com/books/1362339749m/7740152.jpg,Young Adult
577,9780374480100,Tuck Everlasting,Natalie Babbitt,1975,eng,3.85,174280,https://images.gr-assets.com/books/1445184695m/84981.jpg,Fantasy
579,9780001713220,Are You My Mother?,P.D. Eastman,1960,eng,4.16,174204,https://s.gr-assets.com/assets/nophoto/book/111x148-bcc042a9c91a29c1d680899eff700a03.png,Children
488,9780451933030,The Green Mile,Stephen King,1996,eng,4.42,173950,https://images.gr-assets.com/books/1373903563m/11566.jpg,Horror
586,9780689875340,"A Great and Terrible Beauty (Gemma Doyle, #1)",Libba Bray,2003,eng,3.79,173613,https://images.gr-assets.com/books/1284558475m/3682.jpg,Fantasy
545,9780380002560,The Velveteen Rabbit,"Margery Williams Bianco, William   Nicholson",1922,eng,4.29,173469,https://s.gr-assets.com/assets/nophoto/book/111x148-bcc042a9c91a29c1d680899eff700a03.png,Children
487,9780060541810,The Andromeda Strain,Michael Crichton,1969,eng,3.87,173186,https://s.gr-assets.com/assets/nophoto/book/111x148-bcc042a9c91a29c1d680899eff700a03.png,Science Fiction
455,9780312323870,"Something Blue (Darcy & Rachel, #2)",Emily Giffin,2005,en-US,3.92,172417,https://s.gr-assets.com/assets/nophoto/book/111x148-bcc042a9c91a29c1d680899eff700a03.png,Fiction
569,9780446617800,"The Angel Experiment (Maximum Ride, #1)",James Patterson,2005,eng,4.08,172302,https://images.gr-assets.com/books/1339277875m/13152.jpg,Young Adult
408,9780739467350,"Guns, Germs, and Steel: The Fates of Human Societies",Jared Diamond,1997,eng,4.0,171558,https://images.gr-assets.com/books/1453215833m/1842.jpg,History
513,9780553256700,The Hiding Place: The Triumphant True Story of Corrie Ten Boom,"Corrie ten Boom, John Sherrill, Elizabeth Sherrill",1971,en-US,4.42,171384,https://images.gr-assets.com/books/1320418824m/561909.jpg,Non-fiction
472,9780807014300,Man's Search for Meaning,Viktor E. Frankl,1946,eng,4.33,171281,https://images.gr-assets.com/books/1467136625m/4069.jpg,Non-fiction
503,9780451458000,"2001: A Space Odyssey (Space Odyssey, #1)",Arthur C. Clarke,1968,eng,4.12,170841,https://s.gr-assets.com/assets/nophoto/book/111x148-bcc042a9c91a29c1d680899eff700a03.png,Science Fiction
426,9780802130200,A Confederacy of Dunces,"John Kennedy Toole, Walker Percy",1980,eng,3.89,170776,https://images.gr-assets.com/books/1436747103m/310612.jpg,Fiction
448,9780310277000,The Purpose Driven Life: What on Earth Am I Here for?,Rick Warren,2002,en-US,3.9,170491,https://s.gr-assets.com/assets/nophoto/book/111x148-bcc042a9c91a29c1d680899eff700a03.png,Philosophy & Religion
602,9780064405040,"The Silver Chair (Chronicles of Narnia, #4)","C.S. Lewis, Pauline Baynes",1953,eng,3.95,170453,https://images.gr-assets.com/books/1336139237m/65641.jpg,Fantasy
509,9780593053900,Remember Me?,Sophie Kinsella,2008,eng,3.76,170096,https://images.gr-assets.com/books/1276963901m/1358844.jpg,Romance
631,9780441013330,"Dead as a Doornail (Sookie Stackhouse, #5)",Charlaine Harris,2005,eng,4.01,169560,https://images.gr-assets.com/books/1468562419m/170210.jpg,Fantasy
518,9780805072460,Peter Pan,"J.M. Barrie, Michael Hague",1904,en-US,4.1,169306,https://images.gr-assets.com/books/1337714526m/34268.jpg,Classics
440,9780525951650,"Fall of Giants (The Century Trilogy, #1)",Ken Follett,2010,eng,4.26,168911,https://images.gr-assets.com/books/1470384630m/7315573.jpg,History
529,9780141439500,Gulliver's Travels,"Jonathan Swift, Robert DeMaria Jr.",1726,eng,3.55,168727,https://images.gr-assets.com/books/1427829692m/7733.jpg,Classics
523,9780767902890,The Things They Carried,Tim O'Brien,1990,en-US,4.12,168678,https://images.gr-assets.com/books/1424663847m/133518.jpg,Non-fiction
494,9781400031700,The Secret History,Donna Tartt,1992,eng,4.07,168405,https://images.gr-assets.com/books/1451554846m/29044.jpg,Fiction
482,9781439153670,The Kitchen House,Kathleen Grissom,2010,en-CA,4.18,168082,https://images.gr-assets.com/books/1463229128m/6837103.jpg,History
498,9780192833980,War and Peace,"Leo Tolstoy, Henry Gifford, Aylmer Maude, Louise Maude",1869,eng,4.11,168037,https://images.gr-assets.com/books/1413215930m/656.jpg,Classics
437,9780670024780,The Invention of Wings,Sue Monk Kidd,2014,en-US,4.23,168006,https://images.gr-assets.com/books/1386699861m/18079776.jpg,History
626,9780395389490,The Polar Express,Chris Van Allsburg,1985,en-US,4.29,168001,https://images.gr-assets.com/books/1356707942m/420282.jpg,Children
538,9780679751530,Midnight in the Garden of Good and Evil,John Berendt,1994,eng,3.9,167997,https://images.gr-assets.com/books/1427166915m/386187.jpg,Non-fiction
842,9781619634440,"A Court of Thorns and Roses (A Court of Thorns and Roses, #1)",Sarah J. Maas,2015,eng,4.29,167848,https://images.gr-assets.com/books/1491595796m/16096824.jpg,Fantasy
430,9781400079280,Kafka on the Shore,"Haruki Murakami, Philip Gabriel",2002,en-US,4.13,167593,https://s.gr-assets.com/assets/nophoto/book/111x148-bcc042a9c91a29c1d680899eff700a03.png,Fiction
465,9780743495660,In Her Shoes,Jennifer Weiner,2002,eng,3.78,167400,https://images.gr-assets.com/books/1435252471m/14758.jpg,Fiction
511,9780743477150,"Postmortem (Kay Scarpetta, #1)",Patricia Cornwell,1990,eng,4.01,167379,https://images.gr-assets.com/books/1341835831m/6534.jpg,Mystery & Thriller
403,9781590302260,The Art of War,"Sun Tzu, Thomas Cleary",-500,eng,3.95,167332,https://images.gr-assets.com/books/1453417993m/10534.jpg,Non-fiction
476,9780345915600,The World According to Garp,John Irving,1978,eng,4.07,167106,https://images.gr-assets.com/books/1447234581m/7069.jpg,Fiction
499,9780679735780,American Psycho,Bret Easton Ellis,1991,eng,3.81,166083,https://images.gr-assets.com/books/1436934349m/28676.jpg,Fiction
438,9780141043760,What Alice Forgot,Liane Moriarty,2009,eng,4.05,165704,https://images.gr-assets.com/books/1377159022m/6469165.jpg,Fiction
412,9781881273160,The Five Love Languages: How to Express Heartfelt Commitment to Your Mate,Gary Chapman,1990,en-US,4.23,165675,https://images.gr-assets.com/books/1369401342m/567795.jpg,Non-fiction
439,9780553380160,A Brief History of Time,"Stephen Hawking, Cao Chi, Phạm Văn Thiều",1987,eng,4.12,165628,https://images.gr-assets.com/books/1333578746m/3869.jpg,Science
436,9780679457310,The God of Small Things,Arundhati Roy,1997,eng,3.91,165378,https://images.gr-assets.com/books/1436217001m/9777.jpg,Fiction
681,9780060885370,"Little House in the Big Woods (Little House, #1)","Laura Ingalls Wilder, Garth Williams",1932,eng,4.16,165127,https://images.gr-assets.com/books/1475195170m/8337.jpg,Classics
750,9781620610080,"Obsidian (Lux, #1)",Jennifer L. Armentrout,2011,eng,4.23,164832,https://images.gr-assets.com/books/1328275091m/12578077.jpg,Young Adult
580,9780714833550,The Story of Art,E.H. Gombrich,1950,en-US,3.83,164708,https://s.gr-assets.com/assets/nophoto/book/111x148-bcc042a9c91a29c1d680899eff700a03.png,Non-fiction
502,9781582406720,"The Walking Dead, Vol. 01: Days Gone Bye","Robert Kirkman, Tony Moore",2004,en-GB,4.3,164530,https://images.gr-assets.com/books/1389233242m/138398.jpg,Comics & Graphic Novels
492,9780812550760,"Speaker for the Dead (Ender's Saga, #2)",Orson Scott Card,1986,en-US,4.04,164287,https://images.gr-assets.com/books/1295660894m/7967.jpg,Science Fiction
652,9780441014910,"Definitely Dead (Sookie Stackhouse, #6)",Charlaine Harris,2006,en-US,4.02,163054,https://images.gr-assets.com/books/1468562748m/140079.jpg,Horror
477,9780515141430,"Killing Floor (Jack Reacher, #1)",Lee Child,1997,eng,4.04,162972,https://images.gr-assets.com/books/1399313258m/78129.jpg,Mystery & Thriller
474,9780618680010,The God Delusion,Richard Dawkins,2006,eng,3.89,162740,https://images.gr-assets.com/books/1347220693m/14743.jpg,Non-fiction
624,9780441014940,"All Together Dead (Sookie Stackhouse, #7)",Charlaine Harris,2007,eng,4.05,162689,https://images.gr-assets.com/books/1417964062m/140075.jpg,Horror
510,9780812517730,"The Great Hunt (Wheel of Time, #2)",Robert Jordan,1990,en-US,4.2,162595,https://s.gr-assets.com/assets/nophoto/book/111x148-bcc042a9c91a29c1d680899eff700a03.png,Fantasy
601,9780723247710,The Tale of Peter Rabbit,Beatrix Potter,1901,eng,4.17,162373,https://images.gr-assets.com/books/1485118382m/19321.jpg,Children
460,9781406321340,"Clockwork Princess (The Infernal Devices, #3)",Cassandra Clare,2013,eng,4.59,162099,https://images.gr-assets.com/books/1436788488m/18335634.jpg,Fantasy
774,9780312642980,"Cress (The Lunar Chronicles, #3)",Marissa Meyer,2014,eng,4.46,162069,https://images.gr-assets.com/books/1470057005m/13206828.jpg,Young Adult
505,9780842342700,"Left Behind (Left Behind, #1)","Tim LaHaye, Jerry B. Jenkins",1995,eng,3.81,161173,https://images.gr-assets.com/books/1406505054m/27523.jpg,Philosophy & Religion
564,9780786851970,It's Kind of a Funny Story,Ned Vizzini,2006,en-US,4.14,161001,https://images.gr-assets.com/books/1420629730m/248704.jpg,Young Adult
549,9780670241330,Corduroy,Don Freeman,1948,en-US,4.28,160860,https://s.gr-assets.com/assets/nophoto/book/111x148-bcc042a9c91a29c1d680899eff700a03.png,Children
591,9780316013680,The Absolutely True Diary of a Part-Time Indian,"Sherman Alexie, Ellen Forney",2007,eng,4.11,160607,https://images.gr-assets.com/books/1327908992m/693208.jpg,Young Adult
752,9781619630630,"Crown of Midnight (Throne of Glass, #2)",Sarah J. Maas,2013,en-CA,4.49,160485,https://images.gr-assets.com/books/1391580481m/17167166.jpg,Young Adult
458,9780385353300,Station Eleven,Emily St. John Mandel,2014,eng,4.02,160466,https://images.gr-assets.com/books/1451446835m/20170404.jpg,Fiction
467,9781594489590,The Brief Wondrous Life of Oscar Wao,Junot Díaz,2007,eng,3.89,160330,https://images.gr-assets.com/books/1391409748m/297673.jpg,Fiction
512,9780385074070,The Complete Stories and Poems,Edgar Allan Poe,1849,en-US,4.37,160063,https://images.gr-assets.com/books/1327942676m/23919.jpg,Classics
684,9781423146730,"The House of Hades (The Heroes of Olympus, #4)",Rick Riordan,2013,eng,4.54,159774,https://images.gr-assets.com/books/1464201430m/12127810.jpg,Fantasy
547,9780375759240,The War of the Worlds,"H.G. Wells, Arthur C. Clarke",1897,eng,3.8,159752,https://images.gr-assets.com/books/1320391644m/8909.jpg,Classics
608,9780920668380,Love You Forever,"Robert Munsch, Sheila McGraw",1986,en-GB,4.34,159703,https://s.gr-assets.com/assets/nophoto/book/111x148-bcc042a9c91a29c1d680899eff700a03.png,Children
515,9780553381540,The Prince of Tides,Pat Conroy,1986,eng,4.22,159596,https://images.gr-assets.com/books/1320541074m/16735.jpg,Fiction
557,9780747560590,The Virgin Suicides,Jeffrey Eugenides,1993,eng,3.83,159249,https://images.gr-assets.com/books/1319032910m/10956.jpg,Fiction
560,9780192840390,Madame Bovary,"Gustave Flaubert, Margaret Mauldon, Malcolm Bowie, Mark Overstall",1856,eng,3.64,158877,https://images.gr-assets.com/books/1335676143m/2175.jpg,Classics
641,9780007202320,"The Last Battle (Chronicles of Narnia, #7)",C.S. Lewis,1956,eng,4.02,158701,https://images.gr-assets.com/books/1308814830m/84369.jpg,Fiction
556,9780307348240,Cujo,Stephen King,1981,spa,3.65,158215,https://images.gr-assets.com/books/1394208144m/10603.jpg,Horror
756,9780373210080,"The Iron King (The Iron Fey, #1)",Julie Kagawa,2010,eng,3.92,158063,https://images.gr-assets.com/books/1327877670m/6644117.jpg,Young Adult
620,9780345350500,"The Mists of Avalon (Avalon, #1)",Marion Zimmer Bradley,1982,eng,4.12,157736,https://images.gr-assets.com/books/1388857089m/402045.jpg,Fantasy
554,9780385336000,"Voyager (Outlander, #3)",Diana Gabaldon,1993,eng,4.38,157395,https://images.gr-assets.com/books/1483278195m/10987.jpg,History
679,9780590133370,Madeline,Ludwig Bemelmans,1939,en-GB,4.22,156726,https://s.gr-assets.com/assets/nophoto/book/111x148-bcc042a9c91a29c1d680899eff700a03.png,Children
548,9780060887310,"Pretty Little Liars (Pretty Little Liars, #1)",Sara Shepard,2006,en-US,3.9,156328,https://images.gr-assets.com/books/1377830522m/162085.jpg,Young Adult
537,9781400069290,The Power of Habit: Why We Do What We Do in Life and Business,Charles Duhigg,2011,eng,4.03,155977,https://images.gr-assets.com/books/1366758683m/12609433.jpg,Business & Self-help
531,9780393320980,Beowulf,"Unknown, Seamus Heaney",975,en-US,3.42,155903,https://images.gr-assets.com/books/1327878125m/52357.jpg,Classics
595,9780743253970,A Separate Peace,John Knowles,1959,en-US,3.56,155901,https://s.gr-assets.com/assets/nophoto/book/111x148-bcc042a9c91a29c1d680899eff700a03.png,Classics
485,9780374528380,The Brothers Karamazov,"Fyodor Dostoyevsky, Richard Pevear, Larissa Volokhonsky",1880,eng,4.3,155838,https://images.gr-assets.com/books/1427728126m/4934.jpg,Classics
462,9780140135150,Ways of Seeing,John Berger,1972,eng,3.75,155658,https://images.gr-assets.com/books/1464018308m/2784.jpg,Non-fiction
466,9780345368580,The Hobbit: Graphic Novel,"Chuck Dixon, J.R.R. Tolkien, David Wenzel, Sean Deming",1989,eng,4.48,155338,https://images.gr-assets.com/books/1374681632m/659469.jpg,Fantasy
593,9780553383040,"A Wizard of Earthsea (Earthsea Cycle, #1)",Ursula K. Le Guin,1968,en-US,3.99,155042,https://images.gr-assets.com/books/1353424536m/13642.jpg,Fiction
484,9780385720920,Choke,Chuck Palahniuk,2001,eng,3.69,154643,https://images.gr-assets.com/books/1403186013m/29059.jpg,Fiction
618,9780451528020,The Hound of the Baskervilles,"Arthur Conan Doyle, Anne Perry",1902,eng,4.09,154517,https://images.gr-assets.com/books/1355929358m/8921.jpg,Classics
594,9780763616050,Because of Winn-Dixie,"Kate DiCamillo, Chris Sheban",2000,eng,4.0,154476,https://images.gr-assets.com/books/1456871914m/357664.jpg,Fiction
599,9780345418920,"The Restaurant at the End of the Universe (Hitchhiker's Guide, #2)",Douglas Adams,1980,eng,4.22,153838,https://s.gr-assets.com/assets/nophoto/book/111x148-bcc042a9c91a29c1d680899eff700a03.png,Science Fiction
553,9780450574580,Needful Things,Stephen King,1991,eng,3.87,153821,https://images.gr-assets.com/books/1315767817m/107291.jpg,Fiction
528,9780765305110,"The Dragon Reborn (Wheel of Time, #3)",Robert Jordan,1991,eng,4.23,153809,https://images.gr-assets.com/books/1480096580m/34897.jpg,Fantasy
582,9780751532720,"Rich Dad, Poor Dad",Robert T. Kiyosaki,1997,eng,3.95,153764,https://s.gr-assets.com/assets/nophoto/book/111x148-bcc042a9c91a29c1d680899eff700a03.png,Business & Self-help
479,9780937832390,The Prince,"Niccolò Machiavelli, Adolph Caso, Rufus Goodwin, Benjamin Martinez",1513,eng,3.78,153128,https://s.gr-assets.com/assets/nophoto/book/111x148-bcc042a9c91a29c1d680899eff700a03.png,Classics
483,9780316769020,Franny and Zooey,J.D. Salinger,1961,en-US,3.98,152906,https://images.gr-assets.com/books/1355037988m/5113.jpg,Fiction
508,9780805063900,Nickel and Dimed: On (Not) Getting By in America,Barbara Ehrenreich,2001,eng,3.6,152786,https://s.gr-assets.com/assets/nophoto/book/111x148-bcc042a9c91a29c1d680899eff700a03.png,Non-fiction
522,9780375507250,Cloud Atlas,David Mitchell,2004,eng,4.01,152441,https://images.gr-assets.com/books/1406383769m/49628.jpg,Science Fiction
615,9780142501560,This Lullaby,Sarah Dessen,2002,eng,4.03,151829,https://images.gr-assets.com/books/1397779294m/22205.jpg,Young Adult
621,9780689841580,"Are You There God? It's Me, Margaret",Judy Blume,1970,eng,3.89,151789,https://s.gr-assets.com/assets/nophoto/book/111x148-bcc042a9c91a29c1d680899eff700a03.png,Young Adult
667,9780670011940,Along for the Ride,Sarah Dessen,2009,eng,4.08,151721,https://images.gr-assets.com/books/1479692098m/5664985.jpg,Young Adult
572,9780385721680,"Oryx and Crake (MaddAddam, #1)",Margaret Atwood,2003,eng,4.0,151500,https://images.gr-assets.com/books/1494109986m/46756.jpg,Fiction
576,9780486266890,Candide,Voltaire,1759,eng,3.76,151471,https://images.gr-assets.com/books/1345060082m/19380.jpg,Fiction
578,9782253147700,Christine,"Stephen King, Marie Milpois",1983,fre,3.72,151160,https://images.gr-assets.com/books/1327270815m/10629.jpg,Horror
724,9780441015890,"From Dead to Worse (Sookie Stackhouse, #8)",Charlaine Harris,2008,eng,4.01,151095,https://s.gr-assets.com/assets/nophoto/book/111x148-bcc042a9c91a29c1d680899eff700a03.png,Horror
534,9780316143480,When You Are Engulfed in Flames,David Sedaris,2008,en-US,4.04,150898,https://s.gr-assets.com/assets/nophoto/book/111x148-bcc042a9c91a29c1d680899eff700a03.png,Humor
590,9780140439440,David Copperfield,"Charles Dickens, Jeremy Tambling",1849,eng,3.96,150512,https://images.gr-assets.com/books/1461452762m/58696.jpg,Classics
656,9781423100030,"I'd Tell You I Love You, But Then I'd Have to Kill You (Gallagher Girls, #1)",Ally Carter,2006,en-US,3.82,150222,https://images.gr-assets.com/books/1334491180m/852470.jpg,Young Adult
526,9780307277890,"Darkly Dreaming Dexter (Dexter, #1)",Jeff Lindsay,2004,eng,3.89,150055,https://images.gr-assets.com/books/1334404607m/17231.jpg,Fiction
645,9780060874160,"Beastly (Beastly, #1; Kendra Chronicles, #1)",Alex Flinn,2007,eng,3.84,150003,https://images.gr-assets.com/books/1334260193m/544891.jpg,Young Adult
713,9780399256770,"Prodigy (Legend, #2)",Marie Lu,2013,eng,4.29,149702,https://images.gr-assets.com/books/1336254717m/13414446.jpg,Science Fiction
524,9781844137880,Wall and Piece,Banksy,1988,eng,3.83,149453,https://images.gr-assets.com/books/1327904853m/114683.jpg,Non-fiction
521,9780739465520,"The Lincoln Lawyer (Mickey Haller, #1; Harry Bosch Universe, #16)",Michael Connelly,2005,eng,4.14,149438,https://images.gr-assets.com/books/1370140049m/79885.jpg,Mystery & Thriller
575,9780099244720,Timeline,Michael Crichton,1999,en-US,3.83,148563,https://images.gr-assets.com/books/1405420745m/7669.jpg,Fiction
646,9780140424390,The Canterbury Tales,"Geoffrey Chaucer, Nevill Coghill",1390,eng,3.48,148480,https://images.gr-assets.com/books/1261208589m/2696.jpg,Poetry & Drama
584,9780670020550,The Magicians (The Magicians #1),Lev Grossman,2009,eng,3.47,147908,https://images.gr-assets.com/books/1313772941m/6101718.jpg,Fantasy
516,9780312283000,The Amazing Adventures of Kavalier & Clay,Michael Chabon,2000,eng,4.17,147717,https://images.gr-assets.com/books/1479660066m/3985.jpg,Fiction
648,9780375856110,"Inheritance (The Inheritance Cycle, #4)",Christopher Paolini,2011,en-US,4.08,146905,https://s.gr-assets.com/assets/nophoto/book/111x148-bcc042a9c91a29c1d680899eff700a03.png,Fantasy
661,9780689711730,"Alexander and the Terrible, Horrible, No Good, Very Bad Day","Judith Viorst, Ray Cruz",1972,en-CA,4.22,146073,https://images.gr-assets.com/books/1405259744m/46677.jpg,Children
732,9780316125580,"The Short Second Life of Bree Tanner: An Eclipse Novella (Twilight, #3.5)",Stephenie Meyer,2009,eng,3.51,145874,https://images.gr-assets.com/books/1274335680m/7937462.jpg,Young Adult
495,9780375725780,A Heartbreaking Work of Staggering Genius,Dave Eggers,2000,eng,3.68,145459,https://images.gr-assets.com/books/1327714834m/4953.jpg,Fiction
532,9781401207530,Batman: Year One,"Frank Miller, David Mazzucchelli, Richmond Lewis, Dennis O'Neil",1987,eng,4.23,145267,https://images.gr-assets.com/books/1327940389m/59980.jpg,Comics & Graphic Novels
604,9780679746040,"Girl, Interrupted",Susanna Kaysen,1993,eng,3.9,145161,https://images.gr-assets.com/books/1475482930m/68783.jpg,Biography & Memoir
748,9780441017160,"Dead and Gone (Sookie Stackhouse, #9)",Charlaine Harris,2009,eng,4.01,145157,https://s.gr-assets.com/assets/nophoto/book/111x148-bcc042a9c91a29c1d680899eff700a03.png,Horror
562,9780765326360,"The Way of Kings (The Stormlight Archive, #1)",Brandon Sanderson,2010,eng,4.64,144822,https://images.gr-assets.com/books/1388184640m/7235533.jpg,Fantasy
685,9780061448770,"Gone (Gone, #1)",Michael  Grant,2008,eng,3.85,144606,https://images.gr-assets.com/books/1357796831m/2536134.jpg,Young Adult
609,9781416524520,Cell,Stephen King,2006,en-US,3.64,144591,https://s.gr-assets.com/assets/nophoto/book/111x148-bcc042a9c91a29c1d680899eff700a03.png,Horror
634,9780385342060,I've Got Your Number,Sophie Kinsella,2011,eng,3.93,144533,https://images.gr-assets.com/books/1327956732m/12033455.jpg,Humor
639,9780753454950,Heidi,"Johanna Spyri, Angelo  Rinaldi, Beverly Cleary",1880,eng,3.97,144497,https://s.gr-assets.com/assets/nophoto/book/111x148-bcc042a9c91a29c1d680899eff700a03.png,Classics
711,9781416912040,"Unwind (Unwind, #1)",Neal Shusterman,2007,eng,4.18,143892,https://images.gr-assets.com/books/1297677706m/764347.jpg,Young Adult
603,9780765316900,"The Hero of Ages (Mistborn, #3)",Brandon Sanderson,2008,eng,4.46,143622,https://images.gr-assets.com/books/1480717763m/2767793.jpg,Fantasy
637,9780553278220,The Martian Chronicles,Ray Bradbury,1950,en-US,4.12,143236,https://images.gr-assets.com/books/1374049948m/76778.jpg,Science Fiction
489,9780001000390,The Prophet,Kahlil Gibran,1923,eng,4.22,142641,https://images.gr-assets.com/books/1355046521m/2547.jpg,Poetry & Drama
675,9780451167800,Firestarter,Stephen King,1980,eng,3.85,142213,https://images.gr-assets.com/books/1394208032m/233667.jpg,Horror
588,9780752863890,"The Bourne Supremacy (Jason Bourne, #2)",Robert Ludlum,1986,en-US,4.09,142168,https://images.gr-assets.com/books/1335860600m/15769.jpg,Fiction
552,9780446696130,The Rescue,Nicholas Sparks,2000,en-US,4.1,142092,https://s.gr-assets.com/assets/nophoto/book/111x148-bcc042a9c91a29c1d680899eff700a03.png,Romance
627,9780140544510,The True Story of the 3 Little Pigs,"Jon Scieszka, Lane Smith",1989,en-GB,4.29,141945,https://images.gr-assets.com/books/1327884731m/125507.jpg,Children
628,9780425134350,"Patriot Games (Jack Ryan Universe, #2)",Tom Clancy,1987,eng,4.11,141674,https://images.gr-assets.com/books/1328007145m/32682.jpg,Fiction
676,9780425263920,"Entwined with You (Crossfire, #3)",Sylvia Day,2013,eng,4.19,141641,https://images.gr-assets.com/books/1362526983m/15731779.jpg,Romance
651,9780060809250,The Phantom of the Opera,"Gaston Leroux, Alexander Teixeira de Mattos",1909,eng,3.97,141110,https://images.gr-assets.com/books/1327867727m/480204.jpg,Classics
950,9780803734970,I'll Give You the Sun,Jandy Nelson,2014,eng,4.14,140937,https://images.gr-assets.com/books/1496659336m/20820994.jpg,Young Adult
759,9781595143170,"Bloodlines (Bloodlines, #1)",Richelle Mead,2011,en-US,4.22,140599,https://images.gr-assets.com/books/1297199431m/8709527.jpg,Young Adult
567,9780345525540,The Language of Flowers,Vanessa Diffenbaugh,2011,eng,4.07,140076,https://images.gr-assets.com/books/1333577674m/10032672.jpg,Fiction
514,9780192835090,The Adventures of Sherlock Holmes,Arthur Conan Doyle,1892,eng,4.29,139816,https://s.gr-assets.com/assets/nophoto/book/111x148-bcc042a9c91a29c1d680899eff700a03.png,Classics
506,9780062059990,"The One (The Selection, #3)",Kiera Cass,2014,eng,4.21,139544,https://images.gr-assets.com/books/1395612906m/18635016.jpg,Young Adult
585,9781421501680,"Death Note, Vol. 1: Boredom (Death Note, #1)","Tsugumi Ohba, Takeshi Obata",2004,eng,4.42,139501,https://images.gr-assets.com/books/1419952134m/13615.jpg,Comics & Graphic Novels
546,9780060589460,Zen and the Art of Motorcycle Maintenance: An Inquiry Into Values,Robert M. Pirsig,1974,eng,3.76,139411,https://images.gr-assets.com/books/1410136019m/629.jpg,Philosophy & Religion
612,9780451210850,"The Drawing of the Three (The Dark Tower, #2)",Stephen King,1987,eng,4.23,139052,https://images.gr-assets.com/books/1370918050m/5094.jpg,Fantasy
533,9780062409850,Go Set a Watchman,Harper Lee,2015,eng,3.31,138669,https://images.gr-assets.com/books/1451442088m/24817626.jpg,Fiction
551,9780316176480,Life After Life,Kate Atkinson,2013,eng,3.74,138454,https://images.gr-assets.com/books/1358173808m/15790842.jpg,Fiction
672,9780425200450,"Murder on the Orient Express (Hercule Poirot, #10)",Agatha Christie,1934,eng,4.16,138444,https://s.gr-assets.com/assets/nophoto/book/111x148-bcc042a9c91a29c1d680899eff700a03.png,Mystery & Thriller
613,9780330449600,The Forgotten Garden,Kate Morton,2008,en-GB,4.12,138377,https://images.gr-assets.com/books/1455283767m/3407877.jpg,Fiction
650,9781840224020,Uncle Tom's Cabin,Harriet Beecher Stowe,1852,eng,3.83,137858,https://images.gr-assets.com/books/1414349231m/46787.jpg,Classics
666,9780060515200,Anansi Boys,Neil Gaiman,2005,eng,4.0,137639,https://images.gr-assets.com/books/1479778049m/2744.jpg,Fantasy
889,9780451218050,"Lover Eternal (Black Dagger Brotherhood, #2)",J.R. Ward,2006,eng,4.35,137558,https://images.gr-assets.com/books/1300845974m/35729.jpg,Romance
596,9780385339600,The Rainmaker,John Grisham,1995,eng,3.91,137412,https://s.gr-assets.com/assets/nophoto/book/111x148-bcc042a9c91a29c1d680899eff700a03.png,Fiction
663,9780060838650,A People's History of the United States,Howard Zinn,1980,eng,4.07,137372,https://images.gr-assets.com/books/1494279423m/2767.jpg,History
747,9780064471830,"Sabriel (Abhorsen,  #1)",Garth Nix,1995,en-US,4.17,137047,https://images.gr-assets.com/books/1293655399m/518848.jpg,Young Adult
619,9780374275630,"Thinking, Fast and Slow",Daniel Kahneman,2011,eng,4.08,136950,https://images.gr-assets.com/books/1317793965m/11468377.jpg,Science
633,9780441783590,Starship Troopers,Robert A. Heinlein,1959,en-CA,3.99,136886,https://images.gr-assets.com/books/1406457252m/17214.jpg,Science Fiction
830,9780316084240,The DUFF: Designated Ugly Fat Friend,Kody Keplinger,2010,en-US,3.86,136736,https://images.gr-assets.com/books/1271108843m/6931356.jpg,Young Adult
571,9780446696110,The Guardian,Nicholas Sparks,2003,en-US,4.14,136427,https://images.gr-assets.com/books/1388195339m/15925.jpg,Romance
701,9780151009980,Mrs. Dalloway,"Virginia Woolf, Maureen Howard",1925,en-US,3.78,136327,https://images.gr-assets.com/books/1479336522m/14942.jpg,Classics
568,9781563893410,"Batman: The Dark Knight Returns (The Dark Knight Saga, #1)","Frank Miller, Klaus Janson, Lynn Varley",1986,eng,4.25,135979,https://images.gr-assets.com/books/1327892039m/59960.jpg,Comics & Graphic Novels
738,9780689862200,"Mrs. Frisby and the Rats of NIMH (Rats of NIMH, #1)",Robert C. O'Brien,1971,eng,4.13,135978,https://images.gr-assets.com/books/1351191064m/9822.jpg,Fantasy
630,9780385349950,"Lean In: Women, Work, and the Will to Lead","Sheryl Sandberg, Nell Scovell",2013,eng,3.94,135635,https://images.gr-assets.com/books/1364250803m/16071764.jpg,Non-fiction
671,9780646418440,"The Mysterious Affair at Styles (Hercule Poirot, #1)","Agatha Christie, Ροζίτα Σώκου",1920,eng,3.98,135514,https://s.gr-assets.com/assets/nophoto/book/111x148-bcc042a9c91a29c1d680899eff700a03.png,Mystery & Thriller
714,9780743482770,King Lear,William Shakespeare,1603,eng,3.89,135448,https://images.gr-assets.com/books/1331563731m/12938.jpg,Classics
1000,9780805094600,"Shadow and Bone (Shadow and Bone, #1)",Leigh Bardugo,2012,eng,4.05,135225,https://images.gr-assets.com/books/1339533695m/10194157.jpg,Fantasy
597,9780142437230,Don Quixote,"Miguel de Cervantes Saavedra, Roberto González Echevarría, John Rutherford",1605,eng,3.85,134931,https://images.gr-assets.com/books/1364958765m/3836.jpg,Classics
570,9781573225520,High Fidelity,Nick Hornby,1995,eng,3.94,134849,https://images.gr-assets.com/books/1327928082m/285092.jpg,Fiction
942,9781623420020,"Wallbanger (Cocktail, #1)",Alice Clayton,2012,eng,4.1,134805,https://images.gr-assets.com/books/1352205960m/15858248.jpg,Fiction
793,9780744583270,From the Mixed-Up Files of Mrs. Basil E. Frankweiler,E.L. Konigsburg,1967,eng,4.15,134537,https://images.gr-assets.com/books/1327784751m/3980.jpg,Fiction
841,9780451219370,"Lover Awakened (Black Dagger Brotherhood, #3)",J.R. Ward,2006,eng,4.45,134249,https://images.gr-assets.com/books/1388773547m/42900.jpg,Romance
574,9780060899230,Kitchen Confidential: Adventures in the Culinary Underbelly,Anthony Bourdain,2000,eng,4.0,134177,https://s.gr-assets.com/assets/nophoto/book/111x148-bcc042a9c91a29c1d680899eff700a03.png,Non-fiction
611,9780618391110,The Silmarillion (Middle-Earth Universe),"J.R.R. Tolkien, Christopher Tolkien, Ted Nasmith",1977,eng,3.87,134106,https://images.gr-assets.com/books/1336502583m/7332.jpg,Fiction
861,9781476712990,"Walking Disaster (Beautiful, #2)",Jamie McGuire,2013,eng,4.23,134022,https://images.gr-assets.com/books/1352338368m/15745950.jpg,Romance
589,9780425266750,"Easy (Contours of the Heart, #1)",Tammara Webber,2012,en-CA,4.11,133937,https://images.gr-assets.com/books/1349370267m/16056408.jpg,Romance
606,9780743278900,Jonathan Livingston Seagull,"Richard Bach, Russell Munson",1970,en-US,3.8,133728,https://s.gr-assets.com/assets/nophoto/book/111x148-bcc042a9c91a29c1d680899eff700a03.png,Philosophy & Religion
682,9780765356150,Jonathan Strange & Mr Norrell,Susanna Clarke,2004,eng,3.8,133683,https://images.gr-assets.com/books/1357027589m/14201.jpg,Fantasy
520,9780965341980,The Wind-Up Bird Chronicle,"Haruki Murakami, Jay Rubin",1994,eng,4.17,133408,https://images.gr-assets.com/books/1327872639m/11275.jpg,Fiction
550,9781594200820,The Omnivore's Dilemma: A Natural History of Four Meals,Michael Pollan,2006,eng,4.17,133271,https://images.gr-assets.com/books/1393804353m/3109.jpg,Non-fiction
730,9780142000690,The Pearl,John Steinbeck,1947,eng,3.41,133264,https://images.gr-assets.com/books/1437234939m/5308.jpg,Classics
625,9780375706780,Midwives,Chris Bohjalian,1997,en-US,3.97,133155,https://s.gr-assets.com/assets/nophoto/book/111x148-bcc042a9c91a29c1d680899eff700a03.png,Fiction
598,9780006480100,"Assassin's Apprentice (Farseer Trilogy, #1)",Robin Hobb,1995,eng,4.14,132777,https://images.gr-assets.com/books/1320339497m/45107.jpg,Fantasy
670,9780451155760,The Dead Zone,Stephen King,1979,en-US,3.9,132723,https://images.gr-assets.com/books/1283509622m/11573.jpg,Mystery & Thriller
1453,9780553496640,"Everything, Everything","Nicola Yoon, David Yoon",2015,eng,4.11,132552,https://images.gr-assets.com/books/1450515891m/18692431.jpg,Young Adult
880,9780061662690,"The Summoning (Darkest Powers, #1)",Kelley Armstrong,2008,en-US,4.03,132285,https://images.gr-assets.com/books/1478986944m/2800905.jpg,Young Adult
808,9780439813780,The Invention of Hugo Cabret,Brian Selznick,2007,eng,4.23,132159,https://images.gr-assets.com/books/1422312376m/9673436.jpg,History
921,9780385755890,All the Bright Places,"Jennifer Niven, فرانک معنوی",2015,eng,4.19,132087,https://images.gr-assets.com/books/1404331702m/18460392.jpg,Young Adult
715,9780435233080,Death of a Salesman,Arthur Miller,1949,eng,3.49,132061,https://images.gr-assets.com/books/1469024140m/12898.jpg,Poetry & Drama
733,9780679764020,Snow Falling on Cedars,David Guterson,1994,eng,3.8,131945,https://images.gr-assets.com/books/1479863528m/77142.jpg,Fiction
1029,9781607066020,"Saga, Vol. 1 (Saga, #1)","Brian K. Vaughan, Fiona Staples",2012,eng,4.25,131906,https://images.gr-assets.com/books/1486028947m/15704307.jpg,Comics & Graphic Novels
614,9780099428640,The Trial,"Franz Kafka, Edwin Muir, Willa Muir, Max Brod",1925,eng,3.98,131856,https://images.gr-assets.com/books/1320399438m/17690.jpg,Classics
751,9780345418910,"Life, the Universe and Everything (Hitchhiker's Guide, #3)",Douglas Adams,1982,eng,4.19,131562,https://images.gr-assets.com/books/1333577589m/8694.jpg,Science Fiction
587,9780060529700,Everything Is Illuminated,Jonathan Safran Foer,2002,eng,3.9,131492,https://images.gr-assets.com/books/1479774440m/256566.jpg,Fiction
691,9780743455960,On Writing: A Memoir of the Craft,Stephen King,1999,eng,4.31,131481,https://images.gr-assets.com/books/1436735207m/10569.jpg,Non-fiction
592,9780679760800,The Master and Margarita,"Mikhail Bulgakov, Katherine Tiernan O'Connor, Diana Burgin, Ellendea Proffer",1967,eng,4.32,131389,https://images.gr-assets.com/books/1327867963m/117833.jpg,Fiction
640,9780061015720,Prey,Michael Crichton,2002,eng,3.72,131352,https://s.gr-assets.com/assets/nophoto/book/111x148-bcc042a9c91a29c1d680899eff700a03.png,Science Fiction
875,9780061214650,"Wicked Lovely (Wicked Lovely, #1)",Melissa Marr,2007,en-US,3.69,131034,https://images.gr-assets.com/books/1327814035m/305234.jpg,Fantasy
703,9780671024240,Bag of Bones,Stephen King,1998,en-US,3.87,131004,https://images.gr-assets.com/books/1365592796m/10589.jpg,Horror
687,9780743226720,1776,David McCullough,2005,eng,4.06,130293,https://images.gr-assets.com/books/1306787560m/1067.jpg,History
705,9780451190760,Thinner,"Richard Bachman, Stephen King",1984,en-GB,3.66,130219,https://images.gr-assets.com/books/1346947063m/10605.jpg,Horror
873,9780439206490,"The Reptile Room (A Series of Unfortunate Events, #2)","Lemony Snicket, Brett Helquist",1999,eng,3.95,130213,https://images.gr-assets.com/books/1352146294m/78418.jpg,Fiction
660,9780060541840,Congo,Michael Crichton,1980,eng,3.55,129811,https://s.gr-assets.com/assets/nophoto/book/111x148-bcc042a9c91a29c1d680899eff700a03.png,Fiction
622,9780553813950,Nights in Rodanthe,Nicholas Sparks,2002,eng,3.82,129807,https://images.gr-assets.com/books/1328145638m/15926.jpg,Romance
664,9780679745660,Breakfast at Tiffany's,Truman Capote,1958,eng,3.89,129778,https://images.gr-assets.com/books/1477015353m/251688.jpg,Classics
507,9780545265360,"The Hunger Games Trilogy Boxset (The Hunger Games, #1-3)",Suzanne Collins,2010,eng,4.49,129665,https://images.gr-assets.com/books/1360094673m/7938275.jpg,Young Adult
707,9780060739490,Walk Two Moons,Sharon Creech,1994,eng,3.95,129350,https://images.gr-assets.com/books/1389035862m/53496.jpg,Young Adult
980,9780441013810,"Moon Called (Mercy Thompson, #1)",Patricia Briggs,2006,eng,4.18,129150,https://images.gr-assets.com/books/1272070347m/71811.jpg,Fantasy
659,9781921351430,Dreams from My Father: A Story of Race and Inheritance,Barack Obama,1995,eng,3.81,128961,https://images.gr-assets.com/books/1352340675m/88061.jpg,Biography & Memoir
642,9780525950070,"World Without End (The Kingsbridge Series, #2)",Ken Follett,2007,eng,4.23,128715,https://s.gr-assets.com/assets/nophoto/book/111x148-bcc042a9c91a29c1d680899eff700a03.png,History
755,9780061020680,"Mort (Death, #1; Discworld, #4)",Terry Pratchett,1987,eng,4.22,128450,https://s.gr-assets.com/assets/nophoto/book/111x148-bcc042a9c91a29c1d680899eff700a03.png,Fantasy
616,9780743275020,Plain Truth,Jodi Picoult,2000,eng,3.97,128406,https://s.gr-assets.com/assets/nophoto/book/111x148-bcc042a9c91a29c1d680899eff700a03.png,Fiction
693,9780345418980,Sphere,Michael Crichton,1987,eng,3.77,128244,https://s.gr-assets.com/assets/nophoto/book/111x148-bcc042a9c91a29c1d680899eff700a03.png,Science Fiction
814,9781905654580,"Tempted (House of Night, #6)","P.C. Cast, Kristin Cast",2008,eng,3.96,127387,https://images.gr-assets.com/books/1408633041m/6262365.jpg,Horror
871,9780441018640,"Dead in the Family (Sookie Stackhouse, #10)",Charlaine Harris,2010,en-US,3.88,127379,https://images.gr-assets.com/books/1290479828m/7091488.jpg,Horror
617,9780385523390,Orange Is the New Black,Piper Kerman,2010,eng,3.7,127186,https://images.gr-assets.com/books/1320520714m/6314763.jpg,Non-fiction
605,9780061173390,"Are You There, Vodka? It's Me, Chelsea",Chelsea Handler,2007,eng,3.85,127096,https://s.gr-assets.com/assets/nophoto/book/111x148-bcc042a9c91a29c1d680899eff700a03.png,Humor
665,9780345504970,"The Passage (The Passage, #1)",Justin Cronin,2010,eng,4.04,126993,https://images.gr-assets.com/books/1327874267m/6690798.jpg,Horror
753,9781932664090,"Scott Pilgrim, Volume 1: Scott Pilgrim's Precious Little Life",Bryan Lee O'Malley,2004,eng,4.18,126864,https://s.gr-assets.com/assets/nophoto/book/111x148-bcc042a9c91a29c1d680899eff700a03.png,Comics & Graphic Novels
773,9780743477570,The Taming of the Shrew,William Shakespeare,1593,en-US,3.81,126318,https://images.gr-assets.com/books/1327935253m/47021.jpg,Classics
623,9781476754450,"Mr. Mercedes (Bill Hodges Trilogy, #1)",Stephen King,2014,eng,3.92,125847,https://images.gr-assets.com/books/1468705326m/18775247.jpg,Fiction
728,9780805047900,"Brown Bear, Brown Bear, What Do You See?","Bill Martin Jr., Eric Carle",1967,eng,4.19,125668,https://s.gr-assets.com/assets/nophoto/book/111x148-bcc042a9c91a29c1d680899eff700a03.png,Children
782,9780543898080,The Awakening,Kate Chopin,1899,eng,3.63,125474,https://s.gr-assets.com/assets/nophoto/book/111x148-bcc042a9c91a29c1d680899eff700a03.png,Classics
957,9780545123280,"Linger (The Wolves of Mercy Falls, #2)",Maggie Stiefvater,2010,en-US,3.91,125363,https://images.gr-assets.com/books/1292482391m/6654313.jpg,Fantasy
649,9780307593310,1Q84,"Haruki Murakami, Jay Rubin, Philip Gabriel",2009,eng,3.89,125195,https://images.gr-assets.com/books/1483103331m/10357575.jpg,Fiction
804,9780743482840,The Tempest,William Shakespeare,1623,en-US,3.8,125178,https://images.gr-assets.com/books/1327793692m/12985.jpg,Classics
704,9780786226740,The Cider House Rules,John Irving,1985,eng,4.1,124876,https://images.gr-assets.com/books/1327962519m/4687.jpg,Fiction
697,9780062049800,State of Wonder,Ann Patchett,2011,eng,3.85,124837,https://images.gr-assets.com/books/1454428541m/9118135.jpg,Fiction
694,9780312348670,Love the One You're With,Emily Giffin,2008,en-US,3.7,124812,https://images.gr-assets.com/books/1361466590m/2120652.jpg,Fiction
765,9780345350690,The Autobiography of Malcolm X,"Malcolm X, Alex Haley",1965,eng,4.29,124805,https://images.gr-assets.com/books/1434682864m/92057.jpg,Biography & Memoir
700,9780743272490,"The Constant Princess (The Plantagenet and Tudor Novels, #6)",Philippa Gregory,2005,en-US,3.88,124786,https://images.gr-assets.com/books/1355932704m/16181.jpg,History
826,9780143039100,The Wind in the Willows,"Kenneth Grahame, Gillian Avery",1908,eng,3.98,124612,https://images.gr-assets.com/books/1423183570m/5659.jpg,Classics
731,9780061007220,The Exorcist,William Peter Blatty,1971,en-US,4.14,124467,https://images.gr-assets.com/books/1375168676m/179780.jpg,Horror
647,9780312348650,Baby Proof,Emily Giffin,2006,en-US,3.71,124371,https://images.gr-assets.com/books/1361466583m/42149.jpg,Romance
740,9780060529960,"The Little House Collection (Little House, #1-9)","Laura Ingalls Wilder, Garth Williams",1953,eng,4.33,124320,https://s.gr-assets.com/assets/nophoto/book/111x148-bcc042a9c91a29c1d680899eff700a03.png,Classics
817,9780064410340,"Howl's Moving Castle (Howl's Moving Castle, #1)",Diana Wynne Jones,1986,eng,4.3,123945,https://images.gr-assets.com/books/1407450489m/6294.jpg,Fantasy
1022,9781619630660,"Heir of Fire (Throne of Glass, #3)",Sarah J. Maas,2014,eng,4.53,123843,https://images.gr-assets.com/books/1460846511m/20613470.jpg,Fantasy
712,9780385335980,"Drums of Autumn (Outlander, #4)",Diana Gabaldon,1996,eng,4.34,123736,https://images.gr-assets.com/books/1500688941m/10988.jpg,History
736,9780679732760,Invisible Man,Ralph Ellison,1952,eng,3.84,123073,https://images.gr-assets.com/books/1352854247m/16981.jpg,Classics
868,9780142402500,Pippi Longstocking,"Astrid Lindgren, Lauren Child, Florence Lamborn, Nancy Seligsohn",1945,eng,4.11,123065,https://s.gr-assets.com/assets/nophoto/book/111x148-bcc042a9c91a29c1d680899eff700a03.png,Children
766,9781563892270,Preludes & Nocturnes (The Sandman #1),"Neil Gaiman, Sam Kieth, Mike Dringenberg, Malcolm Jones III, Todd Klein, Karen  Berger",1989,eng,4.3,122540,https://images.gr-assets.com/books/1411609637m/23754.jpg,Comics & Graphic Novels
722,9780812513740,"The Shadow Rising (Wheel of Time, #4)",Robert Jordan,1992,en-US,4.21,122524,https://images.gr-assets.com/books/1470841890m/9539.jpg,Fantasy
758,9780393324820,Stiff: The Curious Lives of Human Cadavers,Mary Roach,2003,eng,4.05,122502,https://images.gr-assets.com/books/1347656489m/32145.jpg,Non-fiction
729,9780553283690,"Hyperion (Hyperion Cantos, #1)",Dan Simmons,1989,eng,4.21,122225,https://images.gr-assets.com/books/1405546838m/77566.jpg,Science Fiction
692,9780312364080,"Firefly Lane (Firefly Lane, #1)",Kristin Hannah,2008,en-US,4.04,121966,https://images.gr-assets.com/books/1362435448m/1472878.jpg,Fiction
837,9780307931890,"Every Day (Every Day, #1)",David Levithan,2012,eng,3.99,121863,https://images.gr-assets.com/books/1356993940m/13262783.jpg,Young Adult
928,9780545424930,"The Raven Boys (The Raven Cycle, #1)",Maggie Stiefvater,2012,eng,4.05,121727,https://images.gr-assets.com/books/1477103737m/17675462.jpg,Fantasy
674,9780446611080,Suzanne's Diary for Nicholas,James Patterson,2001,eng,4.16,121398,https://s.gr-assets.com/assets/nophoto/book/111x148-bcc042a9c91a29c1d680899eff700a03.png,Romance
710,9780316109700,"Julie and Julia: 365 Days, 524 Recipes, 1 Tiny Apartment Kitchen: How One Girl Risked Her Marriage, Her Job, and Her Sanity to Master the Art of Living",Julie Powell,2005,eng,3.67,121373,https://s.gr-assets.com/assets/nophoto/book/111x148-bcc042a9c91a29c1d680899eff700a03.png,Non-fiction
699,9780760728500,Twenty Thousand Leagues Under the Sea,"Jules Verne, Anthony Bonner",1869,eng,3.86,121112,https://images.gr-assets.com/books/1494979127m/33507.jpg,Classics
805,9781905654950,"Burned (House of Night, #7)","P.C. Cast, Kristin Cast",2010,eng,3.98,120763,https://images.gr-assets.com/books/1327944437m/6917952.jpg,Horror
726,9780451188460,"The Bone Collector (Lincoln Rhyme, #1)",Jeffery Deaver,1997,en-US,4.18,120541,https://s.gr-assets.com/assets/nophoto/book/111x148-bcc042a9c91a29c1d680899eff700a03.png,Mystery & Thriller
831,9780670010880,Lock and Key,Sarah Dessen,2008,eng,4.01,120475,https://images.gr-assets.com/books/1479691949m/1295102.jpg,Young Adult
638,9780307592840,A Visit from the Goon Squad,Jennifer Egan,2010,eng,3.64,120126,https://images.gr-assets.com/books/1356844046m/7331435.jpg,Fiction
695,9780316206880,"The Silkworm (Cormoran Strike, #2)","Robert Galbraith, J.K. Rowling",2014,eng,4.03,120008,https://images.gr-assets.com/books/1392577290m/18214414.jpg,Mystery & Thriller
720,9781591164420,"Bleach, Volume 01",Tite Kubo,2002,eng,4.21,120004,https://s.gr-assets.com/assets/nophoto/book/111x148-bcc042a9c91a29c1d680899eff700a03.png,Comics & Graphic Novels
770,9780198320270,Julius Caesar,"William Shakespeare, Roma Gill",1599,eng,3.65,119933,https://images.gr-assets.com/books/1354574927m/13006.jpg,Classics
669,9780553383800,The House of the Spirits,"Isabel Allende, Magda Bogin",1982,en-US,4.2,119930,https://images.gr-assets.com/books/1358615501m/9328.jpg,Fiction
727,9780375408270,The Reader,"Bernhard Schlink, Carol Brown Janeway",1995,eng,3.73,119911,https://images.gr-assets.com/books/1327936339m/101299.jpg,Fiction
778,9780451527880,The Hunchback of Notre-Dame,"Victor Hugo, Walter J. Cobb",1831,eng,3.97,119851,https://s.gr-assets.com/assets/nophoto/book/111x148-bcc042a9c91a29c1d680899eff700a03.png,Classics
764,9781416563690,"The White Queen (The Plantagenet and Tudor Novels, #2)",Philippa Gregory,2009,eng,3.9,119739,https://s.gr-assets.com/assets/nophoto/book/111x148-bcc042a9c91a29c1d680899eff700a03.png,History
945,9780385739160,"Passion (Fallen, #3)",Lauren Kate,2011,eng,3.89,119735,https://images.gr-assets.com/books/1362339802m/9369720.jpg,Young Adult
904,9781936305630,"Gabriel's Inferno (Gabriel's Inferno, #1)",Sylvain Reynard,2011,eng,4.02,119633,https://images.gr-assets.com/books/1301789770m/10140661.jpg,Romance
855,9780743482780,Twelfth Night,William Shakespeare,1601,eng,3.97,119607,https://images.gr-assets.com/books/1416628008m/1625.jpg,Classics
824,9781580495940,"Oedipus Rex  (The Theban Plays, #1)","Sophocles, J.E. Thomas",-430,eng,3.67,119496,https://s.gr-assets.com/assets/nophoto/book/111x148-bcc042a9c91a29c1d680899eff700a03.png,Poetry & Drama
654,9780374158460,Freedom,Jonathan Franzen,2010,en-US,3.73,119213,https://images.gr-assets.com/books/1316729686m/7905092.jpg,Fiction
761,9780385342020,Twenties Girl,Sophie Kinsella,2009,eng,3.82,119105,https://images.gr-assets.com/books/1320544759m/6063187.jpg,Romance
734,9780440174650,Roots: The Saga of an American Family,Alex Haley,1976,en-US,4.42,118951,https://images.gr-assets.com/books/1329398936m/546018.jpg,History
746,9780553804680,"The Lies of Locke Lamora (Gentleman Bastard, #1)",Scott Lynch,2006,eng,4.3,118751,https://s.gr-assets.com/assets/nophoto/book/111x148-bcc042a9c91a29c1d680899eff700a03.png,Fantasy
1033,9780064407690,"The Wide Window (A Series of Unfortunate Events, #3)","Lemony Snicket, Brett Helquist",2000,eng,3.91,118624,https://images.gr-assets.com/books/1320705923m/438492.jpg,Fiction
743,9780380813810,"Lamb: The Gospel According to Biff, Christ's Childhood Pal",Christopher Moore,2002,en-US,4.26,118576,https://images.gr-assets.com/books/1331419009m/28881.jpg,Humor
745,9780399159020,Let's Pretend This Never Happened: A Mostly True Memoir,Jenny  Lawson,2012,eng,3.9,118475,https://images.gr-assets.com/books/1489415716m/12868761.jpg,Non-fiction
803,9781591826030,"Fruits Basket, Vol. 1","Natsuki Takaya, Alethea Nibley, Athena Nibley",1999,eng,4.23,118467,https://s.gr-assets.com/assets/nophoto/book/111x148-bcc042a9c91a29c1d680899eff700a03.png,Comics & Graphic Novels
686,9780446615860,"The Wedding (The Notebook, #2)",Nicholas Sparks,2003,en-US,3.98,118045,https://images.gr-assets.com/books/1385738787m/3466.jpg,Romance
780,9780836220890,Calvin and Hobbes,"Bill Watterson, G.B. Trudeau",1987,en-US,4.61,117788,https://s.gr-assets.com/assets/nophoto/book/111x148-bcc042a9c91a29c1d680899eff700a03.png,Comics & Graphic Novels
658,9781841156740,The Corrections,Jonathan Franzen,2001,eng,3.78,117657,https://images.gr-assets.com/books/1355011305m/3805.jpg,Fiction
798,9780007173690,"One Fish, Two Fish, Red Fish, Blue Fish",Dr. Seuss,1960,eng,4.12,117582,https://s.gr-assets.com/assets/nophoto/book/111x148-bcc042a9c91a29c1d680899eff700a03.png,Children
938,9781480095530,"The Edge of Never (The Edge of Never, #1)",J.A. Redmerski,2012,en-US,4.26,117508,https://images.gr-assets.com/books/1358810128m/16081272.jpg,Romance
725,9780670032560,"The Waste Lands (The Dark Tower, #3)","Stephen King, Ned Dameron",1991,eng,4.24,117483,https://s.gr-assets.com/assets/nophoto/book/111x148-bcc042a9c91a29c1d680899eff700a03.png,Fantasy
706,9780140449070,Around the World in Eighty Days,"Jules Verne, Michael Glencross, Brian W. Aldiss",1872,eng,3.9,117108,https://images.gr-assets.com/books/1308815551m/54479.jpg,Classics
857,9780142401200,The Westing Game,Ellen Raskin,1978,eng,4.03,117108,https://images.gr-assets.com/books/1356850909m/902.jpg,Mystery & Thriller
828,9780375714570,"Persepolis: The Story of a Childhood (Persepolis, #1)","Marjane Satrapi, Mattias Ripa",2000,eng,4.23,117103,https://images.gr-assets.com/books/1425871473m/9516.jpg,Comics & Graphic Novels
683,9780446696140,A Bend in the Road,Nicholas Sparks,2001,eng,4.02,116800,https://s.gr-assets.com/assets/nophoto/book/111x148-bcc042a9c91a29c1d680899eff700a03.png,Romance
414,9781416589650,Little Bee,Chris Cleave,2008,en-US,3.7,116784,https://images.gr-assets.com/books/1344401905m/6948436.jpg,History
981,9780786838930,"Blue Bloods (Blue Bloods, #1)",Melissa de la Cruz,2006,en-US,3.68,116687,https://images.gr-assets.com/books/1322281515m/872333.jpg,Young Adult
909,9781423140570,"The Throne of Fire (Kane Chronicles, #2)",Rick Riordan,2011,eng,4.2,116360,https://images.gr-assets.com/books/1366227973m/9067850.jpg,Fantasy
792,9780394709310,The Complete Grimm's Fairy Tales,"Jacob Grimm, Wilhelm Grimm, Josef Scharl, Padraic Colum, Joseph Campbell, Margaret Raine Hunt, James Stern",1812,eng,4.31,116324,https://images.gr-assets.com/books/1369540060m/22917.jpg,Classics
362,9780060652890,The Screwtape Letters,C.S. Lewis,1942,eng,4.21,116277,https://images.gr-assets.com/books/1347801873m/11149.jpg,Fiction
737,9780374105240,A Long Way Gone: Memoirs of a Boy Soldier,Ishmael Beah,2007,en-US,4.14,116260,https://s.gr-assets.com/assets/nophoto/book/111x148-bcc042a9c91a29c1d680899eff700a03.png,Non-fiction
846,9780151010260,Animal Farm / 1984,"George Orwell, Christopher Hitchens",1950,eng,4.26,116197,https://images.gr-assets.com/books/1327959366m/5472.jpg,Classics
912,9780140255550,"Two for the Dough (Stephanie Plum, #2)",Janet Evanovich,1996,eng,4.11,116171,https://images.gr-assets.com/books/1330926461m/6427.jpg,Mystery & Thriller
689,9780061928120,Beautiful Ruins,Jess Walter,2012,eng,3.67,116053,https://images.gr-assets.com/books/1338161553m/11447921.jpg,Fiction
823,9780312938990,"A is for Alibi (Kinsey Millhone, #1)",Sue Grafton,1982,en-US,3.82,116026,https://s.gr-assets.com/assets/nophoto/book/111x148-bcc042a9c91a29c1d680899eff700a03.png,Mystery & Thriller
818,9782226131900,Dreamcatcher,"Stephen King, William Olivier Desmond",2001,fre,3.59,115855,https://s.gr-assets.com/assets/nophoto/book/111x148-bcc042a9c91a29c1d680899eff700a03.png,Horror
760,9780765342410,"Ender's Shadow (Ender's Shadow, #1)",Orson Scott Card,1998,eng,4.3,115521,https://s.gr-assets.com/assets/nophoto/book/111x148-bcc042a9c91a29c1d680899eff700a03.png,Science Fiction
678,9781616203210,The Storied Life of A.J. Fikry,Gabrielle Zevin,2014,eng,3.98,115393,https://images.gr-assets.com/books/1404582137m/18293427.jpg,Fiction
856,9780385732570,"Gathering Blue (The Giver, #2)",Lois Lowry,2000,eng,3.8,114917,https://s.gr-assets.com/assets/nophoto/book/111x148-bcc042a9c91a29c1d680899eff700a03.png,Science Fiction
1002,9780399256780,"Champion (Legend, #3)",Marie Lu,2013,eng,4.37,114623,https://images.gr-assets.com/books/1382652310m/14290364.jpg,Science Fiction
657,9781416562600,The White Tiger,Aravind Adiga,2008,eng,3.71,114531,https://s.gr-assets.com/assets/nophoto/book/111x148-bcc042a9c91a29c1d680899eff700a03.png,Fiction
741,9780143035470,The Girls' Guide to Hunting and Fishing,Melissa Bank,1998,eng,3.29,113977,https://images.gr-assets.com/books/1309210476m/33926.jpg,Fiction
573,9780060574220,"Men Are from Mars, Women Are from Venus",John Gray,1998,en-US,3.52,113915,https://s.gr-assets.com/assets/nophoto/book/111x148-bcc042a9c91a29c1d680899eff700a03.png,Non-fiction
810,9781591169150,"Ouran High School Host Club, Vol. 1 (Ouran High School Host Club, #1)",Bisco Hatori,2003,eng,4.36,113881,https://s.gr-assets.com/assets/nophoto/book/111x148-bcc042a9c91a29c1d680899eff700a03.png,Comics & Graphic Novels
735,9780930289450,Batman: The Killing Joke,"Alan Moore, Brian Bolland, Tim Sale",1988,eng,4.36,113855,https://images.gr-assets.com/books/1346331835m/96358.jpg,Comics & Graphic Novels
813,9781250049380,Landline,Rainbow Rowell,2014,eng,3.55,113805,https://images.gr-assets.com/books/1499378092m/18081809.jpg,Fiction
768,9780380731860,Shutter Island,Dennis Lehane,2003,eng,4.07,113718,https://images.gr-assets.com/books/1329269081m/21686.jpg,Mystery & Thriller
610,9780670025820,The Boys in the Boat: Nine Americans and Their Epic Quest for Gold at the 1936 Berlin Olympics,Daniel James Brown,2013,eng,4.32,113565,https://images.gr-assets.com/books/1354683116m/16158542.jpg,Non-fiction
996,9780312966100,"Three to Get Deadly (Stephanie Plum, #3)",Janet Evanovich,1997,en-US,4.14,113400,https://images.gr-assets.com/books/1311727539m/6854.jpg,Mystery & Thriller
673,9780307271080,Americanah,Chimamanda Ngozi Adichie,2013,eng,4.26,113252,https://images.gr-assets.com/books/1356654499m/15796700.jpg,Fiction
1020,9780763625290,The Tale of Despereaux,"Kate DiCamillo, Timothy Basil Ering",2004,en-US,4.0,113066,https://s.gr-assets.com/assets/nophoto/book/111x148-bcc042a9c91a29c1d680899eff700a03.png,Fantasy
849,9780060288140,"Angus, Thongs and Full-Frontal Snogging (Confessions of Georgia Nicolson, #1)",Louise Rennison,1999,eng,3.74,112733,https://s.gr-assets.com/assets/nophoto/book/111x148-bcc042a9c91a29c1d680899eff700a03.png,Young Adult
688,9780330419120,Under the Banner of Heaven: A Story of Violent Faith,Jon Krakauer,2003,eng,3.98,112167,https://images.gr-assets.com/books/1356441391m/10847.jpg,Non-fiction
629,9780061124270,Veronika Decides to Die,"Paulo Coelho, Margaret Jull Costa",1998,eng,3.69,111856,https://s.gr-assets.com/assets/nophoto/book/111x148-bcc042a9c91a29c1d680899eff700a03.png,Fiction
786,9780060513090,Falling Up,Shel Silverstein,1996,en-US,4.33,111779,https://images.gr-assets.com/books/1327871908m/30120.jpg,Humor
1143,9781476730100,"Beautiful Bastard (Beautiful Bastard, #1)",Christina Lauren,2013,eng,4.05,111668,https://images.gr-assets.com/books/1362258921m/16102004.jpg,Romance
757,9780671683900,Lonesome Dove,Larry McMurtry,1985,en-US,4.47,111498,https://images.gr-assets.com/books/1378573063m/256008.jpg,Fiction
767,9780345465080,Seabiscuit: An American Legend,Laura Hillenbrand,1999,en-US,4.2,111497,https://images.gr-assets.com/books/1171644213m/110737.jpg,Non-fiction
1169,9781620610110,"Onyx (Lux, #2)",Jennifer L. Armentrout,2012,eng,4.33,111448,https://images.gr-assets.com/books/1329408511m/13047090.jpg,Young Adult
891,9780451458120,"Fool Moon (The Dresden Files, #2)",Jim Butcher,2001,eng,4.04,111371,https://images.gr-assets.com/books/1345556849m/91477.jpg,Fantasy
791,9780743296430,House Rules,Jodi Picoult,2010,en-US,4.01,111239,https://images.gr-assets.com/books/1290479868m/6614960.jpg,Mystery & Thriller
698,9780374533570,The Silver Linings Playbook,Matthew Quick,2008,en-US,4.0,110939,https://images.gr-assets.com/books/1358277412m/13539044.jpg,Fiction
690,9780307237700,The Audacity of Hope: Thoughts on Reclaiming the American Dream,Barack Obama,2006,en-US,3.69,110873,https://s.gr-assets.com/assets/nophoto/book/111x148-bcc042a9c91a29c1d680899eff700a03.png,Non-fiction
1070,9780385339160,"Darkfever (Fever, #1)",Karen Marie Moning,2006,eng,4.14,110812,https://images.gr-assets.com/books/1392579949m/112750.jpg,Fantasy
1027,9781423146740,"The Blood of Olympus (The Heroes of Olympus, #5)",Rick Riordan,2014,eng,4.41,110719,https://images.gr-assets.com/books/1464201441m/18705209.jpg,Fantasy
898,9780345419620,"The Queen of the Damned (The Vampire Chronicles, #3)",Anne Rice,1988,eng,3.86,110693,https://images.gr-assets.com/books/1327871992m/43758.jpg,Horror
662,9780618101370,Interpreter of Maladies,Jhumpa Lahiri,1999,eng,4.12,110651,https://s.gr-assets.com/assets/nophoto/book/111x148-bcc042a9c91a29c1d680899eff700a03.png,Fiction
754,9781416586290,Half Broke Horses,Jeannette Walls,2008,eng,4.05,110597,https://s.gr-assets.com/assets/nophoto/book/111x148-bcc042a9c91a29c1d680899eff700a03.png,Fiction
850,9780374214910,"Mr. Penumbra's 24-Hour Bookstore (Mr. Penumbra's 24-Hour Bookstore, #1)",Robin Sloan,2012,eng,3.75,110552,https://images.gr-assets.com/books/1345089845m/13538873.jpg,Fiction
771,9780307408850,"In the Garden of Beasts: Love, Terror, and an American Family in Hitler's Berlin",Erik Larson,2011,eng,3.81,110481,https://images.gr-assets.com/books/1327864303m/9938498.jpg,History
772,9780140449140,The Republic,"Plato, Desmond Lee",-380,eng,3.9,110274,https://s.gr-assets.com/assets/nophoto/book/111x148-bcc042a9c91a29c1d680899eff700a03.png,Philosophy & Religion
829,9781420925430,A Room with a View,E.M. Forster,1908,eng,3.91,109994,https://s.gr-assets.com/assets/nophoto/book/111x148-bcc042a9c91a29c1d680899eff700a03.png,Classics
763,9780452287070,The Bluest Eye,Toni Morrison,1970,eng,3.99,109944,https://s.gr-assets.com/assets/nophoto/book/111x148-bcc042a9c91a29c1d680899eff700a03.png,Fiction
1140,9781423121300,"Hex Hall (Hex Hall, #1)",Rachel Hawkins,2010,eng,3.96,109881,https://images.gr-assets.com/books/1368393885m/5287473.jpg,Young Adult
769,9780553328260,The Complete Sherlock Holmes,Arthur Conan Doyle,1894,eng,4.5,109754,https://images.gr-assets.com/books/1465539139m/188572.jpg,Classics
635,9781857993290,Sophie's World,"Jostein Gaarder, Paulette Møller",1991,eng,3.88,109692,https://images.gr-assets.com/books/1343459906m/10959.jpg,Children
677,9780307266310,"Born to Run: A Hidden Tribe, Superathletes, and the Greatest Race the World Has Never Seen",Christopher McDougall,2009,eng,4.27,109642,https://images.gr-assets.com/books/1320531983m/6289283.jpg,Non-fiction
799,9780425188800,Watchers,Dean Koontz,1987,eng,4.16,109595,https://images.gr-assets.com/books/1308458930m/32423.jpg,Fiction
807,9780385351390,The Circle,Dave Eggers,2013,eng,3.46,109412,https://images.gr-assets.com/books/1376419833m/18302455.jpg,Fiction
749,9781439102760,The Storyteller,Jodi Picoult,2013,eng,4.26,109313,https://images.gr-assets.com/books/1356328634m/15753740.jpg,Fiction
1054,9780525423670,"Reached (Matched, #3)",Ally Condie,2012,eng,3.56,109290,https://images.gr-assets.com/books/1330717582m/13125947.jpg,Science Fiction
859,9780316033670,"The Way of Shadows (Night Angel, #1)",Brent Weeks,2008,en-US,4.15,109236,https://images.gr-assets.com/books/1327881551m/3227063.jpg,Fantasy
1170,9780062085540,"Unravel Me (Shatter Me, #2)",Tahereh Mafi,2013,eng,4.28,109183,https://images.gr-assets.com/books/1340287622m/13104080.jpg,Science Fiction
877,9780525457590,The Neverending Story,"Michael Ende, Ralph Manheim, Roswitha Quadflieg",1979,eng,4.17,109110,https://images.gr-assets.com/books/1327871159m/27712.jpg,Fantasy
851,9780743496320,"Flowers in the Attic (Dollanganger, #1)",V.C. Andrews,1979,eng,3.79,109063,https://images.gr-assets.com/books/1327880853m/43448.jpg,Fiction
1203,9781442408920,"Aristotle and Dante Discover the Secrets of the Universe (Aristotle and Dante Discover the Secrets of the Universe, #1)",Benjamin Alire Sáenz,2012,eng,4.34,108884,https://images.gr-assets.com/books/1328320260m/12000020.jpg,Young Adult
668,9781594205710,Everything I Never Told You,Celeste Ng,2014,eng,3.78,108703,https://images.gr-assets.com/books/1386795198m/18693763.jpg,Fiction
894,9780061020640,"Guards! Guards! (Discworld, #8)",Terry Pratchett,1989,eng,4.32,108652,https://images.gr-assets.com/books/1431127356m/64216.jpg,Fantasy
1129,9780618968470,"The History of the Hobbit, Part One: Mr. Baggins","John D. Rateliff, J.R.R. Tolkien",2007,eng,3.81,108399,https://s.gr-assets.com/assets/nophoto/book/111x148-bcc042a9c91a29c1d680899eff700a03.png,Fantasy
1004,9780525423290,"Lola and the Boy Next Door (Anna and the French Kiss, #2)",Stephanie Perkins,2011,en-US,4.0,108370,https://images.gr-assets.com/books/1358271832m/9961796.jpg,Young Adult
762,9780340606510,Schindler's List,Thomas Keneally,1982,eng,4.34,108338,https://images.gr-assets.com/books/1348163457m/375013.jpg,History
809,9780060776090,Brave New World / Brave New World Revisited,"Aldous Huxley, Christopher Hitchens",1932,eng,4.16,108124,https://images.gr-assets.com/books/1331315450m/5479.jpg,Classics
819,9780691096120,Walden,Henry David Thoreau,1854,eng,3.79,108062,https://images.gr-assets.com/books/1465675526m/16902.jpg,Classics
918,9780786851480,"The Arctic Incident (Artemis Fowl, #2)",Eoin Colfer,2002,eng,3.94,108031,https://s.gr-assets.com/assets/nophoto/book/111x148-bcc042a9c91a29c1d680899eff700a03.png,Fantasy
1122,9781442426670,"Finale (Hush, Hush, #4)",Becca Fitzpatrick,2012,eng,4.22,107569,https://images.gr-assets.com/books/1362408156m/12751687.jpg,Young Adult
800,9780553213870,The Story of My Life,Helen Keller,1902,eng,4.07,107313,https://images.gr-assets.com/books/1320429331m/821611.jpg,Non-fiction
888,9780747532030,Harold and the Purple Crayon,Crockett Johnson,1955,eng,4.24,107221,https://images.gr-assets.com/books/1327390957m/98573.jpg,Children
1067,9780312966970,"Four to Score (Stephanie Plum, #4)",Janet Evanovich,1998,en-US,4.17,106871,https://images.gr-assets.com/books/1311983211m/6422.jpg,Mystery & Thriller
825,9781400067110,Shanghai Girls (Shanghai Girls #1),Lisa See,2009,eng,3.87,106729,https://images.gr-assets.com/books/1327968416m/5960325.jpg,History
1257,9780061245080,"Halfway to the Grave (Night Huntress, #1)",Jeaniene Frost,2007,eng,4.18,106608,https://images.gr-assets.com/books/1373855613m/1421990.jpg,Romance
775,9780066211310,Just Kids,Patti Smith,2010,en-US,4.14,106542,https://images.gr-assets.com/books/1259762407m/341879.jpg,Non-fiction
999,9780425193790,"Tales of a Fourth Grade Nothing (Fudge, #1)",Judy Blume,1972,eng,4.09,106435,https://s.gr-assets.com/assets/nophoto/book/111x148-bcc042a9c91a29c1d680899eff700a03.png,Children
797,9781434768510,Crazy Love: Overwhelmed by a Relentless God,"Francis Chan, Danae Yankoski, Chris Tomlin",2008,eng,4.15,106351,https://images.gr-assets.com/books/1328763220m/3206011.jpg,Philosophy & Religion
802,9780446563090,Abraham Lincoln: Vampire Hunter,Seth Grahame-Smith,2010,en-US,3.7,106336,https://images.gr-assets.com/books/1291165397m/7108001.jpg,Fiction
1165,2940016231920,"Wait for You (Wait for You, #1)","J. Lynn, Jennifer L. Armentrout",2013,eng,4.19,106236,https://images.gr-assets.com/books/1363819713m/17314430.jpg,Romance
719,9780452287590,A New Earth: Awakening to Your Life's Purpose,Eckhart Tolle,2005,eng,4.02,106211,https://s.gr-assets.com/assets/nophoto/book/111x148-bcc042a9c91a29c1d680899eff700a03.png,Philosophy & Religion
739,9780751514630,Different Seasons,Stephen King,1982,eng,4.34,105961,https://images.gr-assets.com/books/1329662611m/39662.jpg,Horror
820,9780571225380,The Remains of the Day,Kazuo Ishiguro,1989,eng,4.1,105892,https://images.gr-assets.com/books/1327128714m/28921.jpg,Fiction
1061,9780440995780,The Witch of Blackbird Pond,Elizabeth George Speare,1958,en-US,3.97,105770,https://images.gr-assets.com/books/1345499790m/703292.jpg,History
876,9780395150240,Curious George,H.A. Rey,1941,en-CA,4.13,105473,https://s.gr-assets.com/assets/nophoto/book/111x148-bcc042a9c91a29c1d680899eff700a03.png,Children
991,9780525951990,Attachments,Rainbow Rowell,2011,eng,3.95,105414,https://images.gr-assets.com/books/1499377988m/8909152.jpg,Romance
785,9780425144370,"Clear and Present Danger (Jack Ryan Universe, #6)",Tom Clancy,1989,eng,4.08,105317,https://images.gr-assets.com/books/1291440438m/32669.jpg,Fiction
844,9780689835680,Chicka Chicka Boom Boom,"Bill Martin Jr., John Archambault, Lois Ehlert",1989,eng,4.21,105192,https://s.gr-assets.com/assets/nophoto/book/111x148-bcc042a9c91a29c1d680899eff700a03.png,Children
709,9780316767730,Nine Stories,J.D. Salinger,1953,eng,4.19,105138,https://s.gr-assets.com/assets/nophoto/book/111x148-bcc042a9c91a29c1d680899eff700a03.png,Fiction
920,9781607747310,The Life-Changing Magic of Tidying Up: The Japanese Art of Decluttering and Organizing,"Marie Kondō, Cathy Hirano",2011,eng,3.77,105063,https://images.gr-assets.com/books/1418767178m/22318578.jpg,Non-fiction
860,9780812474950,"The Bean Trees (Greer Family, #1)",Barbara Kingsolver,1988,eng,3.94,105032,https://images.gr-assets.com/books/1443483961m/30868.jpg,Fiction
806,9780340829780,"Wizard and Glass (The Dark Tower, #4)","Stephen King, Dave McKean",1997,eng,4.24,105026,https://images.gr-assets.com/books/1327946510m/5096.jpg,Fantasy
858,9780345539790,"Red Rising (Red Rising, #1)",Pierce Brown,2014,eng,4.26,104939,https://images.gr-assets.com/books/1461354651m/15839976.jpg,Science Fiction
1066,9781416968240,"The Summer I Turned Pretty (Summer, #1)",Jenny Han,2009,en-US,3.96,104730,https://images.gr-assets.com/books/1361666855m/5821978.jpg,Young Adult
863,9780763600140,Guess How Much I Love You,"Sam McBratney, Anita Jeram",1988,en-US,4.36,104690,https://images.gr-assets.com/books/1320457007m/301736.jpg,Children
905,9780689707490,Cloudy With a Chance of Meatballs,"Judi Barrett, Ron Barrett",1978,eng,4.15,104677,https://s.gr-assets.com/assets/nophoto/book/111x148-bcc042a9c91a29c1d680899eff700a03.png,Children
835,9781569319000,"Naruto, Vol. 01: The Tests of the Ninja (Naruto, #1)","Masashi Kishimoto, Katy Bridges",1999,eng,4.35,104633,https://images.gr-assets.com/books/1435524806m/204042.jpg,Fantasy
987,9781406311520,A Monster Calls,"Patrick Ness, Jim Kay, Siobhan Dowd",2011,eng,4.36,104579,https://images.gr-assets.com/books/1485991317m/8621462.jpg,Fantasy
744,9781577314810,The Power of Now: A Guide to Spiritual Enlightenment,Eckhart Tolle,1997,eng,4.1,104549,https://s.gr-assets.com/assets/nophoto/book/111x148-bcc042a9c91a29c1d680899eff700a03.png,Philosophy & Religion
838,9780312861870,"Xenocide (Ender's Saga, #3)",Orson Scott Card,1991,eng,3.77,104467,https://s.gr-assets.com/assets/nophoto/book/111x148-bcc042a9c91a29c1d680899eff700a03.png,Science Fiction
840,9780440178000,"Shōgun (Asian Saga, #1)",James Clavell,1975,eng,4.37,104339,https://images.gr-assets.com/books/1397228842m/402093.jpg,History
901,9780142001430,Year of Wonders,Geraldine Brooks,2001,eng,4.0,104283,https://images.gr-assets.com/books/1327936622m/4965.jpg,History
1086,9780425197550,"Guilty Pleasures (Anita Blake, Vampire Hunter, #1)",Laurell K. Hamilton,1993,eng,4.02,104252,https://s.gr-assets.com/assets/nophoto/book/111x148-bcc042a9c91a29c1d680899eff700a03.png,Horror
865,9780450042680,Night Shift,"Stephen King, John D. MacDonald",1978,en-GB,3.96,104248,https://images.gr-assets.com/books/1342215309m/10628.jpg,Horror
927,9780689865190,"Crank (Crank, #1)",Ellen Hopkins,2004,eng,4.16,104168,https://s.gr-assets.com/assets/nophoto/book/111x148-bcc042a9c91a29c1d680899eff700a03.png,Young Adult
1039,9781594743340,"Pride and Prejudice and Zombies (Pride and Prejudice and Zombies, #1)","Seth Grahame-Smith, Jane Austen",2009,eng,3.28,103995,https://images.gr-assets.com/books/1320449653m/5899779.jpg,Horror
907,9780425227510,"Vision in White (Bride Quartet, #1)",Nora Roberts,2009,eng,4.1,103933,https://images.gr-assets.com/books/1316972164m/5598113.jpg,Romance
821,9780446547660,The Best of Me,Nicholas Sparks,2010,en-US,3.91,103915,https://images.gr-assets.com/books/1301685366m/10766509.jpg,Romance
1397,9780786849570,"The Lost Colony (Artemis Fowl, #5)",Eoin Colfer,2006,en-US,4.01,103844,https://images.gr-assets.com/books/1360177158m/37586.jpg,Young Adult
864,9780440221660,"The Fiery Cross (Outlander, #5)",Diana Gabaldon,2001,eng,4.26,103552,https://images.gr-assets.com/books/1407366842m/10967.jpg,History
887,9780679732260,As I Lay Dying,William Faulkner,1930,eng,3.72,103547,https://images.gr-assets.com/books/1451810782m/77013.jpg,Classics
919,9780743225430,The Shipping News,Annie Proulx,1993,eng,3.83,103151,https://images.gr-assets.com/books/1469036074m/7354.jpg,Fiction
816,9780007230200,"Wolf Hall (Thomas Cromwell, #1)",Hilary Mantel,2009,eng,3.85,102936,https://images.gr-assets.com/books/1336576165m/6101138.jpg,History
870,9780743270760,Team of Rivals: The Political Genius of Abraham Lincoln,"Doris Kearns Goodwin, Suzanne Toren",2005,eng,4.3,102923,https://images.gr-assets.com/books/1347278868m/2199.jpg,History
847,9780140286270,"The Deep End of the Ocean (Cappadora Family, #1)",Jacquelyn Mitchard,1996,en-US,3.84,102733,https://s.gr-assets.com/assets/nophoto/book/111x148-bcc042a9c91a29c1d680899eff700a03.png,Fiction
833,9780385339670,The Chamber,John Grisham,1994,eng,3.76,102715,https://s.gr-assets.com/assets/nophoto/book/111x148-bcc042a9c91a29c1d680899eff700a03.png,Fiction
899,9781593081430,The Age of Innocence,"Edith Wharton, Maureen Howard",1920,eng,3.93,102646,https://s.gr-assets.com/assets/nophoto/book/111x148-bcc042a9c91a29c1d680899eff700a03.png,Classics
866,9781400064560,Jaws,Peter Benchley,1974,eng,3.96,102574,https://images.gr-assets.com/books/1327958767m/126232.jpg,Horror
787,9780061992700,Sh*t My Dad Says,Justin Halpern,2010,eng,3.98,102560,https://images.gr-assets.com/books/1370399211m/7821447.jpg,Humor
881,9780684853950,The Man Who Mistook His Wife for a Hat and Other Clinical Tales,Oliver Sacks,1985,en-US,4.04,102419,https://images.gr-assets.com/books/1447047702m/63697.jpg,Non-fiction
913,9780684818700,The Joy of Cooking,"Irma S. Rombauer, Marion Rombauer Becker, Ethan Becker",1931,eng,4.14,102348,https://images.gr-assets.com/books/1379313627m/327847.jpg,Non-fiction
708,9780060589290,Eleven Minutes,"Paulo Coelho, Margaret Jull Costa",2003,eng,3.69,102206,https://images.gr-assets.com/books/1358266987m/1430.jpg,Fiction
784,9781401303270,For One More Day,Mitch Albom,2006,en-US,4.09,102193,https://s.gr-assets.com/assets/nophoto/book/111x148-bcc042a9c91a29c1d680899eff700a03.png,Fiction
998,9780375829130,The Monster at the End of this Book,"Jon Stone, Michael J. Smollin",1971,eng,4.45,102184,https://s.gr-assets.com/assets/nophoto/book/111x148-bcc042a9c91a29c1d680899eff700a03.png,Children
1080,9780803736990,My Life Next Door,Huntley Fitzpatrick,2012,eng,4.02,102012,https://images.gr-assets.com/books/1394240144m/12294652.jpg,Young Adult
795,9780140285670,About a Boy,Nick Hornby,1998,en-US,3.79,101999,https://images.gr-assets.com/books/1382004144m/4271.jpg,Fiction
869,9781933372600,The Elegance of the Hedgehog,"Muriel Barbery, Alison Anderson",2006,eng,3.73,101669,https://s.gr-assets.com/assets/nophoto/book/111x148-bcc042a9c91a29c1d680899eff700a03.png,Fiction
777,9780767905180,Jemima J,Jane Green,2001,en-US,3.62,101436,https://s.gr-assets.com/assets/nophoto/book/111x148-bcc042a9c91a29c1d680899eff700a03.png,Romance
896,9780061124300,We Need to Talk About Kevin,Lionel Shriver,2003,eng,4.07,101343,https://images.gr-assets.com/books/1327865017m/80660.jpg,Fiction
1163,9780439272640,"The Miserable Mill (A Series of Unfortunate Events, #4)","Lemony Snicket, Brett Helquist",2000,en-US,3.83,101325,https://images.gr-assets.com/books/1352146209m/65119.jpg,Fiction
1093,9780312650250,"Awakened (House of Night, #8)","P.C. Cast, Kristin Cast",2011,en-US,4.02,101234,https://images.gr-assets.com/books/1307744664m/8652190.jpg,Young Adult
1077,9781563899420,"Fables, Vol. 1: Legends in Exile","Bill Willingham, Lan Medina, Steve Leialoha, Craig Hamilton, James Jean",2001,eng,3.99,101016,https://images.gr-assets.com/books/1375392441m/21326.jpg,Comics & Graphic Novels
915,9788497597720,Insomnia,"Stephen King, Bettina Blanch Tyroller",1994,spa,3.79,100972,https://images.gr-assets.com/books/1354355494m/10585.jpg,Horror
811,9780778316560,The Good Girl,Mary Kubica,2014,eng,3.81,100936,https://images.gr-assets.com/books/1388340126m/18812405.jpg,Mystery & Thriller
655,9780142421710,"Crossed (Matched, #2)",Ally Condie,2011,eng,3.52,100886,https://images.gr-assets.com/books/1374335939m/15812814.jpg,Young Adult
1118,9780062014540,"Requiem (Delirium, #3)",Lauren Oliver,2013,eng,3.74,100593,https://images.gr-assets.com/books/1340992438m/9593913.jpg,Young Adult
815,9780375706680,No Country for Old Men,Cormac McCarthy,2005,eng,4.12,100513,https://images.gr-assets.com/books/1443231179m/12497.jpg,Fiction
922,9780671011370,"Déjà Dead (Temperance Brennan, #1)",Kathy Reichs,1997,eng,3.86,100369,https://images.gr-assets.com/books/1334157601m/231604.jpg,Mystery & Thriller
935,9780439236200,White Fang,Jack London,1906,eng,3.94,100223,https://images.gr-assets.com/books/1475878443m/43035.jpg,Classics
911,9780831727530,Gerald's Game,Stephen King,1992,eng,3.47,100158,https://images.gr-assets.com/books/1297737756m/32692.jpg,Fiction
1276,9780061996160,"Unearthly (Unearthly, #1)",Cynthia Hand,2011,en-US,4.06,99942,https://images.gr-assets.com/books/1324782984m/7488244.jpg,Young Adult
848,9780345457370,The Bonesetter's Daughter,Amy Tan,2001,en-US,3.98,99926,https://s.gr-assets.com/assets/nophoto/book/111x148-bcc042a9c91a29c1d680899eff700a03.png,Fiction
1210,9780553213140,"Anne of Avonlea (Anne of Green Gables, #2)",L.M. Montgomery,1909,en-US,4.21,99918,https://images.gr-assets.com/books/1305545757m/77390.jpg,Classics
1024,9780385342310,"The Sweetness at the Bottom of the Pie (Flavia de Luce, #1)",Alan Bradley,2009,eng,3.81,99841,https://s.gr-assets.com/assets/nophoto/book/111x148-bcc042a9c91a29c1d680899eff700a03.png,Mystery & Thriller
853,9780590452040,Maniac Magee,Jerry Spinelli,1990,eng,3.86,99831,https://images.gr-assets.com/books/1395884800m/139463.jpg,Young Adult
886,9780356500160,The Girl with All the Gifts,M.R. Carey,2014,eng,3.93,99729,https://images.gr-assets.com/books/1403033579m/17235026.jpg,Horror
1050,9781406310250,"The Knife of Never Letting Go (Chaos Walking, #1)",Patrick Ness,2008,eng,3.96,99638,https://images.gr-assets.com/books/1277071696m/2118745.jpg,Young Adult
1032,9781590385810,"Fablehaven (Fablehaven, #1)",Brandon Mull,2006,eng,4.08,99390,https://images.gr-assets.com/books/1460309528m/44652.jpg,Fantasy
1151,9780312976280,"Hot Six (Stephanie Plum, #6)",Janet Evanovich,2000,eng,4.18,99329,https://s.gr-assets.com/assets/nophoto/book/111x148-bcc042a9c91a29c1d680899eff700a03.png,Mystery & Thriller
1225,9780064408640,"The Austere Academy (A Series of Unfortunate Events, #5)","Lemony Snicket, Brett Helquist",2000,eng,3.97,99311,https://images.gr-assets.com/books/1320706187m/131123.jpg,Fiction
779,9781400030650,A Fine Balance,Rohinton Mistry,1996,eng,4.34,99252,https://s.gr-assets.com/assets/nophoto/book/111x148-bcc042a9c91a29c1d680899eff700a03.png,Fiction
908,9780743496710,The Tenth Circle,Jodi Picoult,2006,eng,3.48,99170,https://images.gr-assets.com/books/1348575053m/10909.jpg,Fiction
1264,9781619636040,"Queen of Shadows (Throne of Glass, #4)",Sarah J. Maas,2015,eng,4.6,99067,https://images.gr-assets.com/books/1441230104m/18006496.jpg,Fantasy
929,9780312865050,I Am Legend and Other Stories,Richard Matheson,1954,eng,3.99,98795,https://images.gr-assets.com/books/1317791583m/547094.jpg,Horror
653,9780156007760,Blindness,"José Saramago, Giovanni Pontiero",1995,en-US,4.08,98738,https://images.gr-assets.com/books/1327866409m/2526.jpg,Fiction
801,9780525951280,This is Where I Leave You,Jonathan Tropper,2009,eng,3.88,98645,https://images.gr-assets.com/books/1467397162m/6224935.jpg,Fiction
845,9780545132050,Smile,Raina Telgemeier,2009,eng,4.19,98628,https://images.gr-assets.com/books/1438206850m/6393631.jpg,Comics & Graphic Novels
902,9780446612740,"The Black Echo (Harry Bosch, #1; Harry Bosch Universe, #1)",Michael Connelly,1992,eng,4.08,98591,https://images.gr-assets.com/books/1344265342m/32508.jpg,Mystery & Thriller
883,9781860498800,The Blind Assassin,Margaret Atwood,2000,eng,3.95,98464,https://images.gr-assets.com/books/1451445426m/78433.jpg,Fiction
867,9780393328620,The History of Love,Nicole Krauss,2005,eng,3.91,98379,https://images.gr-assets.com/books/1327911009m/3867.jpg,Fiction
878,9780571212930,A Beautiful Mind,Sylvia Nasar,1998,en-GB,4.12,98276,https://s.gr-assets.com/assets/nophoto/book/111x148-bcc042a9c91a29c1d680899eff700a03.png,Biography & Memoir
936,9781416516930,"Wolves of the Calla (The Dark Tower, #5)","Stephen King, Bernie Wrightson",2003,eng,4.17,98182,https://images.gr-assets.com/books/1419360231m/4978.jpg,Horror
933,9780803734620,"Fire (Graceling Realm, #2)",Kristin Cashore,2009,en-US,4.12,98180,https://images.gr-assets.com/books/1331535456m/6137154.jpg,Fantasy
952,9780385338710,"Shopaholic & Baby (Shopaholic, #5)",Sophie Kinsella,2007,eng,3.77,98130,https://s.gr-assets.com/assets/nophoto/book/111x148-bcc042a9c91a29c1d680899eff700a03.png,Fiction
1008,9780061974560,"The Power of Six (Lorien Legacies, #2)",Pittacus Lore,2011,eng,4.17,97938,https://images.gr-assets.com/books/1345067406m/8659601.jpg,Young Adult
978,9780670023490,"Shadow of Night (All Souls Trilogy, #2)",Deborah Harkness,2012,eng,4.04,97925,https://images.gr-assets.com/books/1320604137m/11559200.jpg,Fiction
1291,9780451412360,"Lover Revealed (Black Dagger Brotherhood, #4)",J.R. Ward,2007,eng,4.3,97830,https://s.gr-assets.com/assets/nophoto/book/111x148-bcc042a9c91a29c1d680899eff700a03.png,Horror
906,9781400068940,Major Pettigrew's Last Stand,Helen Simonson,2010,eng,3.87,97745,https://images.gr-assets.com/books/1320539020m/6643090.jpg,Fiction
1034,9780451458440,"Grave Peril (The Dresden Files, #3)",Jim Butcher,2001,eng,4.18,97736,https://images.gr-assets.com/books/1266470209m/91476.jpg,Fantasy
910,9780765348270,"Old Man's War (Old Man's War, #1)",John Scalzi,2005,eng,4.23,97653,https://images.gr-assets.com/books/1487044882m/51964.jpg,Science Fiction
1295,9781301627450,"Never Too Far (Rosemary Beach, #2; Too Far, #2)",Abbi Glines,2013,eng,4.21,97616,https://images.gr-assets.com/books/1356822956m/17029526.jpg,Romance
1336,9780451222350,"Lover Unbound (Black Dagger Brotherhood, #5)",J.R. Ward,2007,eng,4.33,97514,https://images.gr-assets.com/books/1351276662m/304027.jpg,Fantasy
917,9780575079790,"The Blade Itself (The First Law, #1)",Joe Abercrombie,2006,eng,4.14,97501,https://images.gr-assets.com/books/1284167912m/944073.jpg,Fantasy
879,9781884365300,The Jungle,"Upton Sinclair, Earl Lee, Kathleen DeGrave",1906,eng,3.72,97468,https://images.gr-assets.com/books/1332140681m/41681.jpg,Fiction
941,9780312305060,The Hours,Michael Cunningham,1998,en-US,3.91,97462,https://images.gr-assets.com/books/1479663379m/11899.jpg,Fiction
1045,9780062285680,"Four: A Divergent Story Collection (Divergent, #0.1 - 0.4)",Veronica Roth,2014,eng,4.1,97058,https://images.gr-assets.com/books/1393687572m/18126198.jpg,Fiction
1112,9780553213170,"Anne of the Island (Anne of Green Gables, #3)",L.M. Montgomery,1915,eng,4.21,97049,https://s.gr-assets.com/assets/nophoto/book/111x148-bcc042a9c91a29c1d680899eff700a03.png,Classics
790,9781878424500,The Four Agreements: A Practical Guide to Personal Freedom,Miguel Ruiz,1997,eng,4.12,97016,https://s.gr-assets.com/assets/nophoto/book/111x148-bcc042a9c91a29c1d680899eff700a03.png,Non-fiction
982,9780812976140,"The Alienist (Dr. Laszlo Kreizler, #1)",Caleb Carr,1994,eng,4.05,96981,https://s.gr-assets.com/assets/nophoto/book/111x148-bcc042a9c91a29c1d680899eff700a03.png,Mystery & Thriller
946,9780385742890,"The Kill Order (Maze Runner, #0.5)",James Dashner,2012,eng,3.69,96568,https://images.gr-assets.com/books/1330636153m/13089710.jpg,Young Adult
900,9780199291150,The Selfish Gene,Richard Dawkins,1976,eng,4.11,96564,https://images.gr-assets.com/books/1366758096m/61535.jpg,Non-fiction
1335,9780778324330,"Poison Study (Study, #1)",Maria V. Snyder,2005,eng,4.16,96417,https://s.gr-assets.com/assets/nophoto/book/111x148-bcc042a9c91a29c1d680899eff700a03.png,Fantasy
961,9780451529180,Middlemarch,"George Eliot, Michel Faber",1871,eng,3.93,95995,https://images.gr-assets.com/books/1481264628m/19089.jpg,Classics
1049,9780765350370,"Elantris (Elantris, #1)",Brandon Sanderson,2005,eng,4.17,95950,https://images.gr-assets.com/books/1475740953m/68427.jpg,Fantasy
872,9780679720220,The Plague,"Albert Camus, Stuart Gilbert",1947,en-US,3.97,95803,https://images.gr-assets.com/books/1342837610m/11989.jpg,Fiction
1172,9781423104000,"The Opal Deception  (Artemis Fowl, #4)",Eoin Colfer,2005,eng,4.04,95638,https://s.gr-assets.com/assets/nophoto/book/111x148-bcc042a9c91a29c1d680899eff700a03.png,Young Adult
903,9780452281260,Anthem,Ayn Rand,1938,eng,3.62,95620,https://s.gr-assets.com/assets/nophoto/book/111x148-bcc042a9c91a29c1d680899eff700a03.png,Fiction
1147,9780316077060,"Beautiful Darkness (Caster Chronicles, #2)","Kami Garcia, Margaret Stohl",2010,en-US,3.84,95447,https://images.gr-assets.com/books/1327879100m/7842288.jpg,Young Adult
1128,9780345484260,"Dragonflight (Dragonriders of Pern, #1)","Anne McCaffrey, Teodor Panasiński",1968,eng,4.1,95378,https://s.gr-assets.com/assets/nophoto/book/111x148-bcc042a9c91a29c1d680899eff700a03.png,Fantasy
794,9781476727650,"Doctor Sleep (The Shining, #2)",Stephen King,2013,eng,4.1,95276,https://images.gr-assets.com/books/1362415596m/16130549.jpg,Horror
1114,9780140620190,North and South,"Elizabeth Gaskell, Alan Shelston",1854,eng,4.13,95274,https://images.gr-assets.com/books/1349633381m/156538.jpg,Classics
723,9781920769210,Shantaram,Gregory David Roberts,2003,eng,4.26,95213,https://images.gr-assets.com/books/1333482282m/33600.jpg,Fiction
1227,9780061662770,"The Awakening (Darkest Powers, #2)",Kelley Armstrong,2009,eng,4.16,95026,https://images.gr-assets.com/books/1478986806m/5391115.jpg,Young Adult
822,9780224094150,The Sense of an Ending,Julian Barnes,2011,eng,3.7,94968,https://images.gr-assets.com/books/1311704453m/10746542.jpg,Fiction
916,9780812971060,Reading Lolita in Tehran,Azar Nafisi,2003,eng,3.57,94696,https://images.gr-assets.com/books/1397751318m/7603.jpg,Non-fiction
967,9780450524680,The Dark Half,Stephen King,1989,eng,3.74,94624,https://images.gr-assets.com/books/1430122353m/11597.jpg,Fiction
895,9781400078430,The Year of Magical Thinking,Joan Didion,2005,eng,3.86,94590,https://images.gr-assets.com/books/1327878638m/7815.jpg,Non-fiction
1226,9780312980150,"Seven Up (Stephanie Plum, #7)",Janet Evanovich,2001,en-US,4.15,94506,https://images.gr-assets.com/books/1311720512m/6424.jpg,Mystery & Thriller
1059,9781416924980,"Among the Hidden (Shadow Children, #1)",Margaret Peterson Haddix,1998,eng,3.97,94478,https://s.gr-assets.com/assets/nophoto/book/111x148-bcc042a9c91a29c1d680899eff700a03.png,Young Adult
973,9780061583250,"The Happiness Project: Or Why I Spent a Year Trying to Sing in the Morning, Clean My Closets, Fight Right, Read Aristotle, and Generally Have More Fun",Gretchen Rubin,2009,eng,3.57,94456,https://images.gr-assets.com/books/1256849491m/6398634.jpg,Non-fiction
1137,9780141321320,"The Eternity Code (Artemis Fowl, #3)",Eoin Colfer,2003,eng,4.04,94437,https://images.gr-assets.com/books/1327945417m/227865.jpg,Fantasy
1046,9781594206280,Modern Romance,"Aziz Ansari, Eric Klinenberg",2015,eng,3.85,94231,https://images.gr-assets.com/books/1432335014m/23453112.jpg,Non-fiction
1302,9781595143980,"Across the Universe (Across the Universe, #1)",Beth Revis,2011,eng,3.78,94176,https://s.gr-assets.com/assets/nophoto/book/111x148-bcc042a9c91a29c1d680899eff700a03.png,Young Adult
960,9780765302300,"The Gathering Storm (Wheel of Time, #12)","Robert Jordan, Brandon Sanderson",2009,eng,4.34,94095,https://s.gr-assets.com/assets/nophoto/book/111x148-bcc042a9c91a29c1d680899eff700a03.png,Fantasy
836,9780812993300,"The Unlikely Pilgrimage of Harold Fry (Harold Fry, #1)",Rachel Joyce,2012,eng,3.89,94012,https://images.gr-assets.com/books/1335816092m/13227454.jpg,Fiction
893,9781591169210,"Fullmetal Alchemist, Vol. 1 (Fullmetal Alchemist, #1)","Hiromu Arakawa, Akira Watanabe",2002,eng,4.49,93990,https://s.gr-assets.com/assets/nophoto/book/111x148-bcc042a9c91a29c1d680899eff700a03.png,Comics & Graphic Novels
1058,9781579126250,"Murder at the Vicarage (Miss Marple, #1)",Agatha Christie,1930,eng,4.03,93963,https://s.gr-assets.com/assets/nophoto/book/111x148-bcc042a9c91a29c1d680899eff700a03.png,Mystery & Thriller
1285,9780373210500,"Pushing the Limits (Pushing the Limits, #1)",Katie McGarry,2012,eng,4.08,93818,https://images.gr-assets.com/books/1322770025m/10194514.jpg,Young Adult
1014,9780330491240,"So Long, and Thanks for All the Fish (Hitchhiker's Guide to the Galaxy, #4)",Douglas Adams,1984,eng,4.08,93774,https://images.gr-assets.com/books/1369563116m/8698.jpg,Science Fiction
1013,9780696215320,Better Homes and Gardens New Cook Book,Better Homes and Gardens,1953,eng,4.14,93640,https://s.gr-assets.com/assets/nophoto/book/111x148-bcc042a9c91a29c1d680899eff700a03.png,Non-fiction
1141,9780761169250,Steal Like an Artist: 10 Things Nobody Told You About Being Creative,Austin Kleon,2010,en-US,3.86,93625,https://images.gr-assets.com/books/1404576602m/13099738.jpg,Non-fiction
955,9780440241810,"Shopaholic Takes Manhattan (Shopaholic, #2)",Sophie Kinsella,2001,en-US,3.75,93498,https://images.gr-assets.com/books/1266449959m/9418.jpg,Fiction
882,9780060748160,Eye of the Needle,Ken Follett,1978,en-US,4.16,93475,https://images.gr-assets.com/books/1327939511m/92364.jpg,Fiction
1437,9780373210140,The Iron Daughter,Julie Kagawa,2010,eng,4.13,93340,https://images.gr-assets.com/books/1271790654m/7747064.jpg,Fantasy
953,9781416524530,"The Dark Tower (The Dark Tower, #7)",Stephen King,2004,en-US,4.27,93296,https://images.gr-assets.com/books/1372296329m/5091.jpg,Fantasy
949,9781857232100,"The Fires of Heaven (Wheel of Time, #5)",Robert Jordan,1993,en-US,4.13,93227,https://images.gr-assets.com/books/1327866286m/13895.jpg,Fantasy
997,9781576469230,The Scarlet Pimpernel,Emmuska Orczy,1905,eng,4.06,93217,https://s.gr-assets.com/assets/nophoto/book/111x148-bcc042a9c91a29c1d680899eff700a03.png,Classics
897,9781857231590,"Rendezvous with Rama (Rama, #1)",Arthur C. Clarke,1973,eng,4.06,93151,https://images.gr-assets.com/books/1405456427m/112537.jpg,Science Fiction
1064,9780141439620,The Woman in White,"Wilkie Collins, Matthew Sweet",1859,eng,3.98,93134,https://images.gr-assets.com/books/1295661017m/5890.jpg,Classics
1087,9780375836670,I Am the Messenger,Markus Zusak,2002,en-US,4.09,93119,https://images.gr-assets.com/books/1398483261m/19057.jpg,Young Adult
1232,9780312983860,"Hard Eight (Stephanie Plum, #8)","Janet Evanovich, Lorelei King",2002,en-US,4.17,93057,https://images.gr-assets.com/books/1479699438m/6425.jpg,Mystery & Thriller
1010,9780836218050,The Essential Calvin and Hobbes: A Calvin and Hobbes Treasury,Bill Watterson,1988,en-US,4.65,93001,https://s.gr-assets.com/assets/nophoto/book/111x148-bcc042a9c91a29c1d680899eff700a03.png,Comics & Graphic Novels
1038,9780140348930,"Roll of Thunder, Hear My Cry (Logans, #4)",Mildred D. Taylor,1976,eng,3.79,92980,https://s.gr-assets.com/assets/nophoto/book/111x148-bcc042a9c91a29c1d680899eff700a03.png,History
1175,9781582349910,"The Goose Girl (The Books of Bayern, #1)",Shannon Hale,2003,en-US,4.18,92952,https://images.gr-assets.com/books/1330728389m/179064.jpg,Fantasy
1251,9781841497130,"The Reckoning (Darkest Powers, #3)",Kelley Armstrong,2010,en-GB,4.21,92922,https://images.gr-assets.com/books/1327154591m/6468666.jpg,Young Adult
1305,9780807508530,"The Boxcar Children (The Boxcar Children, #1)","Gertrude Chandler Warner, L. Kate Deal",1942,en-US,4.09,92916,https://images.gr-assets.com/books/1173489650m/297249.jpg,Mystery & Thriller
874,9781451621370,Brain on Fire: My Month of Madness,Susannah Cahalan,2012,eng,4.0,92849,https://images.gr-assets.com/books/1353173297m/13547180.jpg,Non-fiction
1181,9780330371230,"High Five (Stephanie Plum, #5)",Janet Evanovich,1999,eng,4.17,92737,https://images.gr-assets.com/books/1270849101m/6423.jpg,Mystery & Thriller
959,9780142437350,A Portrait of the Artist as a Young Man,"James Joyce, Seamus Deane",1916,eng,3.6,92569,https://s.gr-assets.com/assets/nophoto/book/111x148-bcc042a9c91a29c1d680899eff700a03.png,Classics
702,9781843913730,The Hundred-Year-Old Man Who Climbed Out of the Window and Disappeared,"Jonas Jonasson, Rod Bradbury",2009,en-GB,3.81,92275,https://images.gr-assets.com/books/1334848488m/13486632.jpg,Fiction
975,9780393322230,Helter Skelter: The True Story of the Manson Murders,"Vincent Bugliosi, Curt Gentry",1974,en-GB,4.0,92158,https://s.gr-assets.com/assets/nophoto/book/111x148-bcc042a9c91a29c1d680899eff700a03.png,Non-fiction
958,76783609419,"The Complete Anne of Green Gables Boxed Set (Anne of Green Gables, #1-8)",L.M. Montgomery,1908,eng,4.42,92142,https://images.gr-assets.com/books/1267721500m/3579.jpg,Children
1556,9781620610090,"Opal (Lux, #3)",Jennifer L. Armentrout,2012,eng,4.34,92014,https://images.gr-assets.com/books/1348200300m/13362536.jpg,Young Adult
1043,9780810994740,"Rodrick Rules (Diary of a Wimpy Kid, #2)",Jeff Kinney,2008,en-US,4.1,91831,https://images.gr-assets.com/books/1360095964m/1809465.jpg,Fiction
966,9780446350980,Presumed Innocent,Scott Turow,1986,eng,4.1,91774,https://images.gr-assets.com/books/1404412704m/425029.jpg,Mystery & Thriller
1209,9781937044960,"The Marriage Bargain (Marriage to a Billionaire, #1)",Jennifer Probst,2012,eng,3.81,91630,https://images.gr-assets.com/books/1329319988m/13486122.jpg,Romance
956,9780393316050,"Surely You're Joking, Mr. Feynman!: Adventures of a Curious Character",Richard Feynman,1984,en-US,4.29,91625,https://images.gr-assets.com/books/1348445281m/5544.jpg,Science
1273,9780060572970,"Dead Witch Walking (The Hollows, #1)",Kim Harrison,2004,en-US,4.04,91390,https://images.gr-assets.com/books/1391713381m/30264.jpg,Fantasy
988,9780765325940,"Towers of Midnight (Wheel of Time, #13)","Robert Jordan, Brandon Sanderson",2010,en-US,4.42,91383,https://images.gr-assets.com/books/1358109459m/8253920.jpg,Fantasy
1073,9780141439840,Vanity Fair,"William Makepeace Thackeray, John Carey",1847,eng,3.76,91323,https://images.gr-assets.com/books/1344386439m/5797.jpg,Classics
1134,9781936305550,"Gabriel's Rapture (Gabriel's Inferno, #2)",Sylvain Reynard,2012,eng,4.22,91213,https://images.gr-assets.com/books/1343962380m/13639050.jpg,Romance
1127,9780451458930,"Summer Knight (The Dresden Files, #4)",Jim Butcher,2002,eng,4.3,91012,https://images.gr-assets.com/books/1345557469m/91478.jpg,Fantasy
1108,9780517092910,The Complete Fairy Tales,"Hans Christian Andersen, Lily Owens, Arthur Rackham, Hans Richter",1835,eng,4.28,90999,https://s.gr-assets.com/assets/nophoto/book/111x148-bcc042a9c91a29c1d680899eff700a03.png,Classics
1003,9782266079990,Contact,Carl Sagan,1985,eng,4.11,90917,https://images.gr-assets.com/books/1408792653m/61666.jpg,Science Fiction
1286,9780439321620,Quidditch Through the Ages,"Kennilworthy Whisp, J.K. Rowling",2001,eng,3.85,90908,https://images.gr-assets.com/books/1369689506m/111450.jpg,Fantasy
964,9780345538380,J.R.R. Tolkien 4-Book Boxed Set: The Hobbit and The Lord of the Rings,J.R.R. Tolkien,1973,eng,4.59,90907,https://images.gr-assets.com/books/1346072396m/30.jpg,Fiction
948,9780375726410,Empire Falls,Richard Russo,2001,eng,3.91,90811,https://images.gr-assets.com/books/1403184884m/187020.jpg,Fiction
924,9780374203050,The Marriage Plot,Jeffrey Eugenides,2011,eng,3.42,90551,https://images.gr-assets.com/books/1328736940m/10964693.jpg,Fiction
1433,9781501132930,The Woman in Cabin 10,Ruth Ware,2016,eng,3.67,90541,https://images.gr-assets.com/books/1465878007m/28187230.jpg,Mystery & Thriller
965,9781461091110,"Thoughtless (Thoughtless, #1)",S.C. Stephens,2009,eng,4.12,90483,https://images.gr-assets.com/books/1331254339m/13517535.jpg,Romance
1028,9781250069800,Truly Madly Guilty,Liane Moriarty,2016,eng,3.55,90477,https://images.gr-assets.com/books/1491249206m/26247008.jpg,Fiction
1668,9781627792130,"Six of Crows (Six of Crows, #1)",Leigh Bardugo,2015,eng,4.46,90202,https://images.gr-assets.com/books/1500689111m/23437156.jpg,Fantasy
1351,9780316155600,"School's Out—Forever (Maximum Ride, #2)",James Patterson,2006,en-US,4.16,90157,https://images.gr-assets.com/books/1346079917m/13139.jpg,Young Adult
1265,9780679729780,"Maus II: A Survivor's Tale: And Here My Troubles Began (Maus, #2)",Art Spiegelman,1991,eng,4.41,90147,https://images.gr-assets.com/books/1327887479m/15197.jpg,Comics & Graphic Novels
1052,9780743296410,Handle with Care,Jodi Picoult,2009,eng,3.96,90138,https://images.gr-assets.com/books/1316440644m/3720975.jpg,Fiction
892,9780316204360,"David and Goliath: Underdogs, Misfits, and the Art of Battling Giants",Malcolm Gladwell,2011,eng,3.9,90083,https://images.gr-assets.com/books/1391813567m/15751404.jpg,Non-fiction
1289,9780060566210,"The Ersatz Elevator (A Series of Unfortunate Events, #6)","Lemony Snicket, Brett Helquist",2001,eng,4.01,90071,https://images.gr-assets.com/books/1352066916m/172327.jpg,Fiction
1186,9780811214050,The Glass Menagerie,Tennessee Williams,1945,eng,3.67,90032,https://images.gr-assets.com/books/1391591003m/92517.jpg,Poetry & Drama
925,9780061120250,Daughter of Fortune,"Isabel Allende, Margaret Sayers Peden",1998,eng,3.89,89770,https://images.gr-assets.com/books/1299666780m/16527.jpg,History
1126,9781421508220,"Vampire Knight, Vol. 1 (Vampire Knight, #1)","Matsuri Hino, Tomo Kimura",2005,eng,4.1,89733,https://images.gr-assets.com/books/1329232329m/263145.jpg,Horror
1233,9780060566230,"The Vile Village (A Series of Unfortunate Events, #7)","Lemony Snicket, Brett Helquist",2001,eng,3.94,89733,https://images.gr-assets.com/books/1352066958m/150037.jpg,Fiction
1042,9780671746730,Dirk Gently's Holistic Detective Agency (Dirk Gently #1),Douglas Adams,1987,en-US,3.97,89569,https://images.gr-assets.com/books/1404697381m/365.jpg,Science Fiction
